filename,title,description,date,image,Draft,authors,Tags,Categories
"definition-of-abba-design-in-psychology.md,""""""Definition of ABBA Design in Psychology"""""",""""""Get to know the definition of ABBA design according to psychologists."""""",2023-03-07T06:00:00+00:00,""""""/images/posts/definition-of-abba-design-in-psychology.jpg"""""",FALSE,""[""""Robi Maulana""""]"",,""[""""Glossary""""]"""
"definition-of-aberrant-in-psychology.md,""""""Definition of Aberrant in Psychology"""""",""""""Get to know the definition of aberrant according to psychologists."""""",2023-03-07T06:00:00+00:00,""""""/images/posts/definition-of-aberrant-in-psychology.jpg"""""",FALSE,""[""""Robi Maulana""""]"",,""[""""Glossary""""]"""
"definition-of-ability-in-psychology.md,""""""Definition of Ability in Psychology"""""",""""""Get to know the definition of ability according to psychologists."""""",2023-03-07T06:00:00+00:00,""""""/images/posts/definition-of-ability-in-psychology.jpg"""""",FALSE,""[""""Robi Maulana""""]"",,""[""""Glossary""""]"""
"definition-of-ability-tests-in-psychology.md,""""""Definition of Ability Tests in Psychology"""""",""""""Get to know the definition of ability tests according to psychologists."""""",2023-03-07T06:00:00+00:00,""""""/images/posts/definition-of-ability-tests-in-psychology.jpg"""""",FALSE,""[""""Robi Maulana""""]"",,""[""""Glossary""""]"""
"definition-of-ablation-in-psychology.md,""""""Definition of Ablation in Psychology"""""",""""""Get to know the definition of ablation according to psychologists."""""",2023-03-07T06:00:00+00:00,""""""/images/posts/definition-of-ablation-in-psychology.jpg"""""",FALSE,""[""""Robi Maulana""""]"",,""[""""Glossary""""]"""
"definition-of-abnormal-in-psychology.md,""""""Definition of Abnormal in Psychology"""""",""""""Get to know the definition of abnormal according to psychologists."""""",2023-03-07T06:00:00+00:00,""""""/images/posts/definition-of-abnormal-in-psychology.jpg"""""",FALSE,""[""""Robi Maulana""""]"",,""[""""Glossary""""]"""
"definition-of-abnormal-psychology-in-psychology.md,""""""Definition of Abnormal Psychology"""" in Psychology"""""",""""""Get to know the definition of abnormal psychology according to psychologists."""""",2023-03-07T06:00:00+00:00,""""""/images/posts/definition-of-abnormal-psychology-in-psychology.jpg"""""",FALSE,""[""""Robi Maulana""""]"",,""[""""Glossary""""]"""
"definition-of-abreaction-in-psychology.md,""""""Definition of Abreaction in Psychology"""""",""""""Get to know the definition of abreaction according to psychologists."""""",2023-03-07T06:00:00+00:00,""""""/images/posts/definition-of-abreaction-in-psychology.jpg"""""",FALSE,""[""""Robi Maulana""""]"",,""[""""Glossary""""]"""
"definition-of-abscissa-in-psychology.md,""""""Definition of Abscissa in Psychology"""""",""""""Get to know the definition of abscissa according to psychologists."""""",2023-03-07T06:00:00+00:00,""""""/images/posts/definition-of-abscissa-in-psychology.jpg"""""",FALSE,""[""""Robi Maulana""""]"",,""[""""Glossary""""]"""
"definition-of-absolute-refractory-period-absolute-threshold-in-psychology.md,""""""Definition of Absolute Refractory Period Absolute Threshold in Psychology"""""",""""""Get to know the definition of absolute refractory period absolute threshold according to psychologists."""""",2023-03-07T06:00:00+00:00,""""""/images/posts/definition-of-absolute-refractory-period-absolute-threshold-in-psychology.jpg"""""",FALSE,""[""""Robi Maulana""""]"",,""[""""Glossary""""]"""
"definition-of-absolute-zero-in-psychology.md,""""""Definition of Absolute Zero in Psychology"""""",""""""Get to know the definition of absolute zero according to psychologists."""""",2023-03-07T06:00:00+00:00,""""""/images/posts/definition-of-absolute-zero-in-psychology.jpg"""""",FALSE,""[""""Robi Maulana""""]"",,""[""""Glossary""""]"""
"definition-of-abstract-thought-in-psychology.md,""""""Definition of Abstract Thought in Psychology"""""",""""""Get to know the definition of abstract thought according to psychologists."""""",2023-03-07T06:00:00+00:00,""""""/images/posts/definition-of-abstract-thought-in-psychology.jpg"""""",FALSE,""[""""Robi Maulana""""]"",,""[""""Glossary""""]"""
"definition-of-abuse-in-psychology.md,""""""Definition of Abuse in Psychology"""""",""""""Get to know the definition of abuse according to psychologists."""""",2023-03-07T06:00:00+00:00,""""""/images/posts/definition-of-abuse-in-psychology.jpg"""""",FALSE,""[""""Robi Maulana""""]"",,""[""""Glossary""""]"""
"definition-of-acalculia-in-psychology.md,""""""Definition of Acalculia in Psychology"""""",""""""Get to know the definition of acalculia according to psychologists."""""",2023-03-07T06:00:00+00:00,""""""/images/posts/definition-of-acalculia-in-psychology.jpg"""""",FALSE,""[""""Robi Maulana""""]"",,""[""""Glossary""""]"""
"definition-of-accent-in-psychology.md,""""""Definition of Accent in Psychology"""""",""""""Get to know the definition of accent according to psychologists."""""",2023-03-07T06:00:00+00:00,""""""/images/posts/definition-of-accent-in-psychology.jpg"""""",FALSE,""[""""Robi Maulana""""]"",,""[""""Glossary""""]"""
"definition-of-account-analysis-in-psychology.md,""""""Definition of Account Analysis in Psychology"""""",""""""Get to know the definition of account analysis according to psychologists."""""",2023-03-07T06:00:00+00:00,""""""/images/posts/definition-of-account-analysis-in-psychology.jpg"""""",FALSE,""[""""Robi Maulana""""]"",,""[""""Glossary""""]"""
"definition-of-accounts-in-psychology.md,""""""Definition of Accounts in Psychology"""""",""""""Get to know the definition of accounts according to psychologists."""""",2023-03-07T06:00:00+00:00,""""""/images/posts/definition-of-accounts-in-psychology.jpg"""""",FALSE,""[""""Robi Maulana""""]"",,""[""""Glossary""""]"""
"definition-of-acetylcholine-in-psychology.md,""""""Definition of Acetylcholine in Psychology"""""",""""""Get to know the definition of acetylcholine according to psychologists."""""",2023-03-07T06:00:00+00:00,""""""/images/posts/definition-of-acetylcholine-in-psychology.jpg"""""",FALSE,""[""""Robi Maulana""""]"",,""[""""Glossary""""]"""
"definition-of-achievement-motivation-in-psychology.md,""""""Definition of Achievement Motivation in Psychology"""""",""""""Get to know the definition of achievement motivation according to psychologists."""""",2023-03-07T06:00:00+00:00,""""""/images/posts/definition-of-achievement-motivation-in-psychology.jpg"""""",FALSE,""[""""Robi Maulana""""]"",,""[""""Glossary""""]"""
"definition-of-achievement-test-in-psychology.md,""""""Definition of Achievement Test in Psychology"""""",""""""Get to know the definition of achievement test according to psychologists."""""",2023-03-07T06:00:00+00:00,""""""/images/posts/definition-of-achievement-test-in-psychology.jpg"""""",FALSE,""[""""Robi Maulana""""]"",,""[""""Glossary""""]"""
"definition-of-achromatic-colours-in-psychology.md,""""""Definition of Achromatic Colours in Psychology"""""",""""""Get to know the definition of achromatic colours according to psychologists."""""",2023-03-07T06:00:00+00:00,""""""/images/posts/definition-of-achromatic-colours-in-psychology.jpg"""""",FALSE,""[""""Robi Maulana""""]"",,""[""""Glossary""""]"""
"definition-of-achromatopsia-in-psychology.md,""""""Definition of Achromatopsia in Psychology"""""",""""""Get to know the definition of achromatopsia according to psychologists."""""",2023-03-07T06:00:00+00:00,""""""/images/posts/definition-of-achromatopsia-in-psychology.jpg"""""",FALSE,""[""""Robi Maulana""""]"",,""[""""Glossary""""]"""
"definition-of-acoustic-in-psychology.md,""""""Definition of Acoustic in Psychology"""""",""""""Get to know the definition of acoustic according to psychologists."""""",2023-03-07T06:00:00+00:00,""""""/images/posts/definition-of-acoustic-in-psychology.jpg"""""",FALSE,""[""""Robi Maulana""""]"",,""[""""Glossary""""]"""
"definition-of-acoustic-store-in-psychology.md,""""""Definition of Acoustic Store in Psychology"""""",""""""Get to know the definition of acoustic store according to psychologists."""""",2023-03-07T06:00:00+00:00,""""""/images/posts/definition-of-acoustic-store-in-psychology.jpg"""""",FALSE,""[""""Robi Maulana""""]"",,""[""""Glossary""""]"""
"definition-of-acquiescence-bias-in-psychology.md,""""""Definition of Acquiescence Bias in Psychology"""""",""""""Get to know the definition of acquiescence bias according to psychologists."""""",2023-03-07T06:00:00+00:00,""""""/images/posts/definition-of-acquiescence-bias-in-psychology.jpg"""""",FALSE,""[""""Robi Maulana""""]"",,""[""""Glossary""""]"""
"definition-of-acquired-dyslexia-in-psychology.md,""""""Definition of Acquired Dyslexia in Psychology"""""",""""""Get to know the definition of acquired dyslexia according to psychologists."""""",2023-03-07T06:00:00+00:00,""""""/images/posts/definition-of-acquired-dyslexia-in-psychology.jpg"""""",FALSE,""[""""Robi Maulana""""]"",,""[""""Glossary""""]"""
"definition-of-acquisition-in-psychology.md,""""""Definition of Acquisition in Psychology"""""",""""""Get to know the definition of acquisition according to psychologists."""""",2023-03-07T06:00:00+00:00,""""""/images/posts/definition-of-acquisition-in-psychology.jpg"""""",FALSE,""[""""Robi Maulana""""]"",,""[""""Glossary""""]"""
"definition-of-acronym-in-psychology.md,""""""Definition of Acronym in Psychology"""""",""""""Get to know the definition of acronym according to psychologists."""""",2023-03-07T06:00:00+00:00,""""""/images/posts/definition-of-acronym-in-psychology.jpg"""""",FALSE,""[""""Robi Maulana""""]"",,""[""""Glossary""""]"""
"definition-of-acth-in-psychology.md,""""""Definition of Acth in Psychology"""""",""""""Get to know the definition of acth according to psychologists."""""",2023-03-07T06:00:00+00:00,""""""/images/posts/definition-of-acth-in-psychology.jpg"""""",FALSE,""[""""Robi Maulana""""]"",,""[""""Glossary""""]"""
"definition-of-acting-out-in-psychology.md,""""""Definition of Acting Out in Psychology"""""",""""""Get to know the definition of acting out according to psychologists."""""",2023-03-07T06:00:00+00:00,""""""/images/posts/definition-of-acting-out-in-psychology.jpg"""""",FALSE,""[""""Robi Maulana""""]"",,""[""""Glossary""""]"""
"definition-of-action-disorganisation-syndrome-in-psychology.md,""""""Definition of Action Disorganisation Syndrome in Psychology"""""",""""""Get to know the definition of action disorganisation syndrome according to psychologists."""""",2023-03-07T06:00:00+00:00,""""""/images/posts/definition-of-action-disorganisation-syndrome-in-psychology.jpg"""""",FALSE,""[""""Robi Maulana""""]"",,""[""""Glossary""""]"""
"definition-of-action-pattern-in-psychology.md,""""""Definition of Action Pattern in Psychology"""""",""""""Get to know the definition of action pattern according to psychologists."""""",2023-03-07T06:00:00+00:00,""""""/images/posts/definition-of-action-pattern-in-psychology.jpg"""""",FALSE,""[""""Robi Maulana""""]"",,""[""""Glossary""""]"""
"definition-of-action-potential-in-psychology.md,""""""Definition of Action Potential in Psychology"""""",""""""Get to know the definition of action potential according to psychologists."""""",2023-03-07T06:00:00+00:00,""""""/images/posts/definition-of-action-potential-in-psychology.jpg"""""",FALSE,""[""""Robi Maulana""""]"",,""[""""Glossary""""]"""
"definition-of-action-research-cycle-in-psychology.md,""""""Definition of Action Research Cycle in Psychology"""""",""""""Get to know the definition of action research cycle according to psychologists."""""",2023-03-07T06:00:00+00:00,""""""/images/posts/definition-of-action-research-cycle-in-psychology.jpg"""""",FALSE,""[""""Robi Maulana""""]"",,""[""""Glossary""""]"""
"definition-of-action-research-in-psychology.md,""""""Definition of Action Research in Psychology"""""",""""""Get to know the definition of action research according to psychologists."""""",2023-03-07T06:00:00+00:00,""""""/images/posts/definition-of-action-research-in-psychology.jpg"""""",FALSE,""[""""Robi Maulana""""]"",,""[""""Glossary""""]"""
"definition-of-action-specific-energy-in-psychology.md,""""""Definition of Action Specific Energy in Psychology"""""",""""""Get to know the definition of action specific energy according to psychologists."""""",2023-03-07T06:00:00+00:00,""""""/images/posts/definition-of-action-specific-energy-in-psychology.jpg"""""",FALSE,""[""""Robi Maulana""""]"",,""[""""Glossary""""]"""
"definition-of-activation-in-psychology.md,""""""Definition of Activation in Psychology"""""",""""""Get to know the definition of activation according to psychologists."""""",2023-03-07T06:00:00+00:00,""""""/images/posts/definition-of-activation-in-psychology.jpg"""""",FALSE,""[""""Robi Maulana""""]"",,""[""""Glossary""""]"""
"definition-of-actor-observer-effect-in-psychology.md,""""""Definition of Actor Observer Effect in Psychology"""""",""""""Get to know the definition of actor observer effect according to psychologists."""""",2023-03-07T06:00:00+00:00,""""""/images/posts/definition-of-actor-observer-effect-in-psychology.jpg"""""",FALSE,""[""""Robi Maulana""""]"",,""[""""Glossary""""]"""
"definition-of-actualising-tendency-in-psychology.md,""""""Definition of Actualising Tendency in Psychology"""""",""""""Get to know the definition of actualising tendency according to psychologists."""""",2023-03-07T06:00:00+00:00,""""""/images/posts/definition-of-actualising-tendency-in-psychology.jpg"""""",FALSE,""[""""Robi Maulana""""]"",,""[""""Glossary""""]"""
"definition-of-acuity-in-psychology.md,""""""Definition of Acuity in Psychology"""""",""""""Get to know the definition of acuity according to psychologists."""""",2023-03-07T06:00:00+00:00,""""""/images/posts/definition-of-acuity-in-psychology.jpg"""""",FALSE,""[""""Robi Maulana""""]"",,""[""""Glossary""""]"""
"definition-of-adaptation-in-psychology.md,""""""Definition of Adaptation in Psychology"""""",""""""Get to know the definition of adaptation according to psychologists."""""",2023-03-07T06:00:00+00:00,""""""/images/posts/definition-of-adaptation-in-psychology.jpg"""""",FALSE,""[""""Robi Maulana""""]"",,""[""""Glossary""""]"""
"definition-of-addiction-in-psychology.md,""""""Definition of Addiction in Psychology"""""",""""""Get to know the definition of addiction according to psychologists."""""",2023-03-07T06:00:00+00:00,""""""/images/posts/definition-of-addiction-in-psychology.jpg"""""",FALSE,""[""""Robi Maulana""""]"",,""[""""Glossary""""]"""
"definition-of-additive-factors-method-in-psychology.md,""""""Definition of Additive Factors Method in Psychology"""""",""""""Get to know the definition of additive factors method according to psychologists."""""",2023-03-07T06:00:00+00:00,""""""/images/posts/definition-of-additive-factors-method-in-psychology.jpg"""""",FALSE,""[""""Robi Maulana""""]"",,""[""""Glossary""""]"""
"definition-of-adhd-in-psychology.md,""""""Definition of Adhd in Psychology"""""",""""""Get to know the definition of adhd according to psychologists."""""",2023-03-07T06:00:00+00:00,""""""/images/posts/definition-of-adhd-in-psychology.jpg"""""",FALSE,""[""""Robi Maulana""""]"",,""[""""Glossary""""]"""
"definition-of-adipose-in-psychology.md,""""""Definition of Adipose in Psychology"""""",""""""Get to know the definition of adipose according to psychologists."""""",2023-03-07T06:00:00+00:00,""""""/images/posts/definition-of-adipose-in-psychology.jpg"""""",FALSE,""[""""Robi Maulana""""]"",,""[""""Glossary""""]"""
"definition-of-adipsia-in-psychology.md,""""""Definition of Adipsia in Psychology"""""",""""""Get to know the definition of adipsia according to psychologists."""""",2023-03-07T06:00:00+00:00,""""""/images/posts/definition-of-adipsia-in-psychology.jpg"""""",FALSE,""[""""Robi Maulana""""]"",,""[""""Glossary""""]"""
"definition-of-adjustment-in-psychology.md,""""""Definition of Adjustment in Psychology"""""",""""""Get to know the definition of adjustment according to psychologists."""""",2023-03-07T06:00:00+00:00,""""""/images/posts/definition-of-adjustment-in-psychology.jpg"""""",FALSE,""[""""Robi Maulana""""]"",,""[""""Glossary""""]"""
"definition-of-adolescence-in-psychology.md,""""""Definition of Adolescence in Psychology"""""",""""""Get to know the definition of adolescence according to psychologists."""""",2023-03-07T06:00:00+00:00,""""""/images/posts/definition-of-adolescence-in-psychology.jpg"""""",FALSE,""[""""Robi Maulana""""]"",,""[""""Glossary""""]"""
"definition-of-adoption-studies-in-psychology.md,""""""Definition of Adoption Studies in Psychology"""""",""""""Get to know the definition of adoption studies according to psychologists."""""",2023-03-07T06:00:00+00:00,""""""/images/posts/definition-of-adoption-studies-in-psychology.jpg"""""",FALSE,""[""""Robi Maulana""""]"",,""[""""Glossary""""]"""
"definition-of-adrenaline-in-psychology.md,""""""Definition of Adrenaline in Psychology"""""",""""""Get to know the definition of adrenaline according to psychologists."""""",2023-03-07T06:00:00+00:00,""""""/images/posts/definition-of-adrenaline-in-psychology.jpg"""""",FALSE,""[""""Robi Maulana""""]"",,""[""""Glossary""""]"""
"definition-of-adrenergic-pathway-in-psychology.md,""""""Definition of Adrenergic Pathway in Psychology"""""",""""""Get to know the definition of adrenergic pathway according to psychologists."""""",2023-03-07T06:00:00+00:00,""""""/images/posts/definition-of-adrenergic-pathway-in-psychology.jpg"""""",FALSE,""[""""Robi Maulana""""]"",,""[""""Glossary""""]"""
"definition-of-aesthetics-in-psychology.md,""""""Definition of Aesthetics in Psychology"""""",""""""Get to know the definition of aesthetics according to psychologists."""""",2023-03-07T06:00:00+00:00,""""""/images/posts/definition-of-aesthetics-in-psychology.jpg"""""",FALSE,""[""""Robi Maulana""""]"",,""[""""Glossary""""]"""
"definition-of-aetiology-in-psychology.md,""""""Definition of Aetiology in Psychology"""""",""""""Get to know the definition of aetiology according to psychologists."""""",2023-03-07T06:00:00+00:00,""""""/images/posts/definition-of-aetiology-in-psychology.jpg"""""",FALSE,""[""""Robi Maulana""""]"",,""[""""Glossary""""]"""
"definition-of-affect-display-in-psychology.md,""""""Definition of Affect Display in Psychology"""""",""""""Get to know the definition of affect display according to psychologists."""""",2023-03-07T06:00:00+00:00,""""""/images/posts/definition-of-affect-display-in-psychology.jpg"""""",FALSE,""[""""Robi Maulana""""]"",,""[""""Glossary""""]"""
"definition-of-affect-heuristic-in-psychology.md,""""""Definition of Affect Heuristic in Psychology"""""",""""""Get to know the definition of affect heuristic according to psychologists."""""",2023-03-07T06:00:00+00:00,""""""/images/posts/definition-of-affect-heuristic-in-psychology.jpg"""""",FALSE,""[""""Robi Maulana""""]"",,""[""""Glossary""""]"""
"definition-of-affect-in-psychology.md,""""""Definition of Affect in Psychology"""""",""""""Get to know the definition of affect according to psychologists."""""",2023-03-07T06:00:00+00:00,""""""/images/posts/definition-of-affect-in-psychology.jpg"""""",FALSE,""[""""Robi Maulana""""]"",,""[""""Glossary""""]"""
"definition-of-affectionless-psychopathy-in-psychology.md,""""""Definition of Affectionless Psychopathy in Psychology"""""",""""""Get to know the definition of affectionless psychopathy according to psychologists."""""",2023-03-07T06:00:00+00:00,""""""/images/posts/definition-of-affectionless-psychopathy-in-psychology.jpg"""""",FALSE,""[""""Robi Maulana""""]"",,""[""""Glossary""""]"""
"definition-of-affective-blindsight-in-psychology.md,""""""Definition of Affective Blindsight in Psychology"""""",""""""Get to know the definition of affective blindsight according to psychologists."""""",2023-03-07T06:00:00+00:00,""""""/images/posts/definition-of-affective-blindsight-in-psychology.jpg"""""",FALSE,""[""""Robi Maulana""""]"",,""[""""Glossary""""]"""
"definition-of-affective-disorder-in-psychology.md,""""""Definition of Affective Disorder in Psychology"""""",""""""Get to know the definition of affective disorder according to psychologists."""""",2023-03-07T06:00:00+00:00,""""""/images/posts/definition-of-affective-disorder-in-psychology.jpg"""""",FALSE,""[""""Robi Maulana""""]"",,""[""""Glossary""""]"""
"definition-of-affective-domain-in-psychology.md,""""""Definition of Affective Domain in Psychology"""""",""""""Get to know the definition of affective domain according to psychologists."""""",2023-03-07T06:00:00+00:00,""""""/images/posts/definition-of-affective-domain-in-psychology.jpg"""""",FALSE,""[""""Robi Maulana""""]"",,""[""""Glossary""""]"""
"definition-of-afferent-dysgraphia-in-psychology.md,""""""Definition of Afferent Dysgraphia in Psychology"""""",""""""Get to know the definition of afferent dysgraphia according to psychologists."""""",2023-03-07T06:00:00+00:00,""""""/images/posts/definition-of-afferent-dysgraphia-in-psychology.jpg"""""",FALSE,""[""""Robi Maulana""""]"",,""[""""Glossary""""]"""
"definition-of-afferent-neurone-in-psychology.md,""""""Definition of Afferent Neurone in Psychology"""""",""""""Get to know the definition of afferent neurone according to psychologists."""""",2023-03-07T06:00:00+00:00,""""""/images/posts/definition-of-afferent-neurone-in-psychology.jpg"""""",FALSE,""[""""Robi Maulana""""]"",,""[""""Glossary""""]"""
"definition-of-affiliation-in-psychology.md,""""""Definition of Affiliation in Psychology"""""",""""""Get to know the definition of affiliation according to psychologists."""""",2023-03-07T06:00:00+00:00,""""""/images/posts/definition-of-affiliation-in-psychology.jpg"""""",FALSE,""[""""Robi Maulana""""]"",,""[""""Glossary""""]"""
"definition-of-affiliative-needs-in-psychology.md,""""""Definition of Affiliative Needs in Psychology"""""",""""""Get to know the definition of affiliative needs according to psychologists."""""",2023-03-07T06:00:00+00:00,""""""/images/posts/definition-of-affiliative-needs-in-psychology.jpg"""""",FALSE,""[""""Robi Maulana""""]"",,""[""""Glossary""""]"""
"definition-of-affordances-in-psychology.md,""""""Definition of Affordances in Psychology"""""",""""""Get to know the definition of affordances according to psychologists."""""",2023-03-07T06:00:00+00:00,""""""/images/posts/definition-of-affordances-in-psychology.jpg"""""",FALSE,""[""""Robi Maulana""""]"",,""[""""Glossary""""]"""
"definition-of-afterimage-age-regression-in-psychology.md,""""""Definition of Afterimage Age Regression in Psychology"""""",""""""Get to know the definition of afterimage age regression according to psychologists."""""",2023-03-07T06:00:00+00:00,""""""/images/posts/definition-of-afterimage-age-regression-in-psychology.jpg"""""",FALSE,""[""""Robi Maulana""""]"",,""[""""Glossary""""]"""
"definition-of-agency-in-psychology.md,""""""Definition of Agency in Psychology"""""",""""""Get to know the definition of agency according to psychologists."""""",2023-03-07T06:00:00+00:00,""""""/images/posts/definition-of-agency-in-psychology.jpg"""""",FALSE,""[""""Robi Maulana""""]"",,""[""""Glossary""""]"""
"definition-of-agentic-state-in-psychology.md,""""""Definition of Agentic State in Psychology"""""",""""""Get to know the definition of agentic state according to psychologists."""""",2023-03-07T06:00:00+00:00,""""""/images/posts/definition-of-agentic-state-in-psychology.jpg"""""",FALSE,""[""""Robi Maulana""""]"",,""[""""Glossary""""]"""
"definition-of-aggression-in-psychology.md,""""""Definition of Aggression in Psychology"""""",""""""Get to know the definition of aggression according to psychologists."""""",2023-03-07T06:00:00+00:00,""""""/images/posts/definition-of-aggression-in-psychology.jpg"""""",FALSE,""[""""Robi Maulana""""]"",,""[""""Glossary""""]"""
"definition-of-agnosia-in-psychology.md,""""""Definition of Agnosia in Psychology"""""",""""""Get to know the definition of agnosia according to psychologists."""""",2023-03-07T06:00:00+00:00,""""""/images/posts/definition-of-agnosia-in-psychology.jpg"""""",FALSE,""[""""Robi Maulana""""]"",,""[""""Glossary""""]"""
"definition-of-agonist-in-psychology.md,""""""Definition of Agonist in Psychology"""""",""""""Get to know the definition of agonist according to psychologists."""""",2023-03-07T06:00:00+00:00,""""""/images/posts/definition-of-agonist-in-psychology.jpg"""""",FALSE,""[""""Robi Maulana""""]"",,""[""""Glossary""""]"""
"definition-of-agoraphobia-in-psychology.md,""""""Definition of Agoraphobia in Psychology"""""",""""""Get to know the definition of agoraphobia according to psychologists."""""",2023-03-07T06:00:00+00:00,""""""/images/posts/definition-of-agoraphobia-in-psychology.jpg"""""",FALSE,""[""""Robi Maulana""""]"",,""[""""Glossary""""]"""
"definition-of-agrammatism-in-psychology.md,""""""Definition of Agrammatism in Psychology"""""",""""""Get to know the definition of agrammatism according to psychologists."""""",2023-03-07T06:00:00+00:00,""""""/images/posts/definition-of-agrammatism-in-psychology.jpg"""""",FALSE,""[""""Robi Maulana""""]"",,""[""""Glossary""""]"""
"definition-of-agraphia-in-psychology.md,""""""Definition of Agraphia in Psychology"""""",""""""Get to know the definition of agraphia according to psychologists."""""",2023-03-07T06:00:00+00:00,""""""/images/posts/definition-of-agraphia-in-psychology.jpg"""""",FALSE,""[""""Robi Maulana""""]"",,""[""""Glossary""""]"""
"definition-of-agreeableness-in-psychology.md,""""""Definition of Agreeableness in Psychology"""""",""""""Get to know the definition of agreeableness according to psychologists."""""",2023-03-07T06:00:00+00:00,""""""/images/posts/definition-of-agreeableness-in-psychology.jpg"""""",FALSE,""[""""Robi Maulana""""]"",,""[""""Glossary""""]"""
"definition-of-aha-experience-in-psychology.md,""""""Definition of Aha Experience in Psychology"""""",""""""Get to know the definition of aha experience according to psychologists."""""",2023-03-07T06:00:00+00:00,""""""/images/posts/definition-of-aha-experience-in-psychology.jpg"""""",FALSE,""[""""Robi Maulana""""]"",,""[""""Glossary""""]"""
"definition-of-ai-in-psychology.md,""""""Definition of Ai in Psychology"""""",""""""Get to know the definition of ai according to psychologists."""""",2023-03-07T06:00:00+00:00,""""""/images/posts/definition-of-ai-in-psychology.jpg"""""",FALSE,""[""""Robi Maulana""""]"",,""[""""Glossary""""]"""
"definition-of-aim-in-psychology.md,""""""Definition of Aim in Psychology"""""",""""""Get to know the definition of aim according to psychologists."""""",2023-03-07T06:00:00+00:00,""""""/images/posts/definition-of-aim-in-psychology.jpg"""""",FALSE,""[""""Robi Maulana""""]"",,""[""""Glossary""""]"""
"definition-of-aip-in-psychology.md,""""""Definition of Aip in Psychology"""""",""""""Get to know the definition of aip according to psychologists."""""",2023-03-07T06:00:00+00:00,""""""/images/posts/definition-of-aip-in-psychology.jpg"""""",FALSE,""[""""Robi Maulana""""]"",,""[""""Glossary""""]"""
"definition-of-akinetopsia-in-psychology.md,""""""Definition of Akinetopsia in Psychology"""""",""""""Get to know the definition of akinetopsia according to psychologists."""""",2023-03-07T06:00:00+00:00,""""""/images/posts/definition-of-akinetopsia-in-psychology.jpg"""""",FALSE,""[""""Robi Maulana""""]"",,""[""""Glossary""""]"""
"definition-of-alarm-reaction-in-psychology.md,""""""Definition of Alarm Reaction in Psychology"""""",""""""Get to know the definition of alarm reaction according to psychologists."""""",2023-03-07T06:00:00+00:00,""""""/images/posts/definition-of-alarm-reaction-in-psychology.jpg"""""",FALSE,""[""""Robi Maulana""""]"",,""[""""Glossary""""]"""
"definition-of-alcoholic-in-psychology.md,""""""Definition of Alcoholic in Psychology"""""",""""""Get to know the definition of alcoholic according to psychologists."""""",2023-03-07T06:00:00+00:00,""""""/images/posts/definition-of-alcoholic-in-psychology.jpg"""""",FALSE,""[""""Robi Maulana""""]"",,""[""""Glossary""""]"""
"definition-of-alexia-in-psychology.md,""""""Definition of Alexia in Psychology"""""",""""""Get to know the definition of alexia according to psychologists."""""",2023-03-07T06:00:00+00:00,""""""/images/posts/definition-of-alexia-in-psychology.jpg"""""",FALSE,""[""""Robi Maulana""""]"",,""[""""Glossary""""]"""
"definition-of-alexithymia-in-psychology.md,""""""Definition of Alexithymia in Psychology"""""",""""""Get to know the definition of alexithymia according to psychologists."""""",2023-03-07T06:00:00+00:00,""""""/images/posts/definition-of-alexithymia-in-psychology.jpg"""""",FALSE,""[""""Robi Maulana""""]"",,""[""""Glossary""""]"""
"definition-of-algorithm-in-psychology.md,""""""Definition of Algorithm in Psychology"""""",""""""Get to know the definition of algorithm according to psychologists."""""",2023-03-07T06:00:00+00:00,""""""/images/posts/definition-of-algorithm-in-psychology.jpg"""""",FALSE,""[""""Robi Maulana""""]"",,""[""""Glossary""""]"""
"definition-of-alienation-in-psychology.md,""""""Definition of Alienation in Psychology"""""",""""""Get to know the definition of alienation according to psychologists."""""",2023-03-07T06:00:00+00:00,""""""/images/posts/definition-of-alienation-in-psychology.jpg"""""",FALSE,""[""""Robi Maulana""""]"",,""[""""Glossary""""]"""
"definition-of-alienist-in-psychology.md,""""""Definition of Alienist in Psychology"""""",""""""Get to know the definition of alienist according to psychologists."""""",2023-03-07T06:00:00+00:00,""""""/images/posts/definition-of-alienist-in-psychology.jpg"""""",FALSE,""[""""Robi Maulana""""]"",,""[""""Glossary""""]"""
"definition-of-all-or-none-principle-in-psychology.md,""""""Definition of All Or None Principle in Psychology"""""",""""""Get to know the definition of all or none principle according to psychologists."""""",2023-03-07T06:00:00+00:00,""""""/images/posts/definition-of-all-or-none-principle-in-psychology.jpg"""""",FALSE,""[""""Robi Maulana""""]"",,""[""""Glossary""""]"""
"definition-of-allele-in-psychology.md,""""""Definition of Allele in Psychology"""""",""""""Get to know the definition of allele according to psychologists."""""",2023-03-07T06:00:00+00:00,""""""/images/posts/definition-of-allele-in-psychology.jpg"""""",FALSE,""[""""Robi Maulana""""]"",,""[""""Glossary""""]"""
"definition-of-allocentric-coding-in-psychology.md,""""""Definition of Allocentric Coding in Psychology"""""",""""""Get to know the definition of allocentric coding according to psychologists."""""",2023-03-07T06:00:00+00:00,""""""/images/posts/definition-of-allocentric-coding-in-psychology.jpg"""""",FALSE,""[""""Robi Maulana""""]"",,""[""""Glossary""""]"""
"definition-of-allocentric-space-in-psychology.md,""""""Definition of Allocentric Space in Psychology"""""",""""""Get to know the definition of allocentric space according to psychologists."""""",2023-03-07T06:00:00+00:00,""""""/images/posts/definition-of-allocentric-space-in-psychology.jpg"""""",FALSE,""[""""Robi Maulana""""]"",,""[""""Glossary""""]"""
"definition-of-allocentrism-in-psychology.md,""""""Definition of Allocentrism in Psychology"""""",""""""Get to know the definition of allocentrism according to psychologists."""""",2023-03-07T06:00:00+00:00,""""""/images/posts/definition-of-allocentrism-in-psychology.jpg"""""",FALSE,""[""""Robi Maulana""""]"",,""[""""Glossary""""]"""
"definition-of-allograph-in-psychology.md,""""""Definition of Allograph in Psychology"""""",""""""Get to know the definition of allograph according to psychologists."""""",2023-03-07T06:00:00+00:00,""""""/images/posts/definition-of-allograph-in-psychology.jpg"""""",FALSE,""[""""Robi Maulana""""]"",,""[""""Glossary""""]"""
"definition-of-allophone-in-psychology.md,""""""Definition of Allophone in Psychology"""""",""""""Get to know the definition of allophone according to psychologists."""""",2023-03-07T06:00:00+00:00,""""""/images/posts/definition-of-allophone-in-psychology.jpg"""""",FALSE,""[""""Robi Maulana""""]"",,""[""""Glossary""""]"""
"definition-of-alpha-in-psychology.md,""""""Definition of Alpha in Psychology"""""",""""""Get to know the definition of alpha according to psychologists."""""",2023-03-07T06:00:00+00:00,""""""/images/posts/definition-of-alpha-in-psychology.jpg"""""",FALSE,""[""""Robi Maulana""""]"",,""[""""Glossary""""]"""
"definition-of-alpha-level-in-psychology.md,""""""Definition of Alpha Level in Psychology"""""",""""""Get to know the definition of alpha level according to psychologists."""""",2023-03-07T06:00:00+00:00,""""""/images/posts/definition-of-alpha-level-in-psychology.jpg"""""",FALSE,""[""""Robi Maulana""""]"",,""[""""Glossary""""]"""
"definition-of-alpha-male-in-psychology.md,""""""Definition of Alpha Male in Psychology"""""",""""""Get to know the definition of alpha male according to psychologists."""""",2023-03-07T06:00:00+00:00,""""""/images/posts/definition-of-alpha-male-in-psychology.jpg"""""",FALSE,""[""""Robi Maulana""""]"",,""[""""Glossary""""]"""
"definition-of-alpha-waves-in-psychology.md,""""""Definition of Alpha Waves in Psychology"""""",""""""Get to know the definition of alpha waves according to psychologists."""""",2023-03-07T06:00:00+00:00,""""""/images/posts/definition-of-alpha-waves-in-psychology.jpg"""""",FALSE,""[""""Robi Maulana""""]"",,""[""""Glossary""""]"""
"definition-of-altered-states-of-awareness-in-psychology.md,""""""Definition of Altered States of Awareness in Psychology"""""",""""""Get to know the definition of altered states of awareness according to psychologists."""""",2023-03-07T06:00:00+00:00,""""""/images/posts/definition-of-altered-states-of-awareness-in-psychology.jpg"""""",FALSE,""[""""Robi Maulana""""]"",,""[""""Glossary""""]"""
"definition-of-alternate-forms-method-in-psychology.md,""""""Definition of Alternate Forms Method in Psychology"""""",""""""Get to know the definition of alternate forms method according to psychologists."""""",2023-03-07T06:00:00+00:00,""""""/images/posts/definition-of-alternate-forms-method-in-psychology.jpg"""""",FALSE,""[""""Robi Maulana""""]"",,""[""""Glossary""""]"""
"definition-of-altruistic-behaviour-in-psychology.md,""""""Definition of Altruistic Behaviour in Psychology"""""",""""""Get to know the definition of altruistic behaviour according to psychologists."""""",2023-03-07T06:00:00+00:00,""""""/images/posts/definition-of-altruistic-behaviour-in-psychology.jpg"""""",FALSE,""[""""Robi Maulana""""]"",,""[""""Glossary""""]"""
"definition-of-alzheimer's-syndrome-in-psychology.md,""""""Definition of Alzheimer'S Syndrome in Psychology"""""",""""""Get to know the definition of alzheimer's syndrome according to psychologists."""""",2023-03-07T06:00:00+00:00,""""""/images/posts/definition-of-alzheimer's-syndrome-in-psychology.jpg"""""",FALSE,""[""""Robi Maulana""""]"",,""[""""Glossary""""]"""
"definition-of-amacrine-cells-in-psychology.md,""""""Definition of Amacrine Cells in Psychology"""""",""""""Get to know the definition of amacrine cells according to psychologists."""""",2023-03-07T06:00:00+00:00,""""""/images/posts/definition-of-amacrine-cells-in-psychology.jpg"""""",FALSE,""[""""Robi Maulana""""]"",,""[""""Glossary""""]"""
"definition-of-ambiguous-in-psychology.md,""""""Definition of Ambiguous in Psychology"""""",""""""Get to know the definition of ambiguous according to psychologists."""""",2023-03-07T06:00:00+00:00,""""""/images/posts/definition-of-ambiguous-in-psychology.jpg"""""",FALSE,""[""""Robi Maulana""""]"",,""[""""Glossary""""]"""
"definition-of-ambivalence-in-psychology.md,""""""Definition of Ambivalence in Psychology"""""",""""""Get to know the definition of ambivalence according to psychologists."""""",2023-03-07T06:00:00+00:00,""""""/images/posts/definition-of-ambivalence-in-psychology.jpg"""""",FALSE,""[""""Robi Maulana""""]"",,""[""""Glossary""""]"""
"definition-of-ambivert-in-psychology.md,""""""Definition of Ambivert in Psychology"""""",""""""Get to know the definition of ambivert according to psychologists."""""",2023-03-07T06:00:00+00:00,""""""/images/posts/definition-of-ambivert-in-psychology.jpg"""""",FALSE,""[""""Robi Maulana""""]"",,""[""""Glossary""""]"""
"definition-of-ambulatory-assessment-aa-in-psychology.md,""""""Definition of Ambulatory Assessment Aa in Psychology"""""",""""""Get to know the definition of ambulatory assessment aa according to psychologists."""""",2023-03-07T06:00:00+00:00,""""""/images/posts/definition-of-ambulatory-assessment-aa-in-psychology.jpg"""""",FALSE,""[""""Robi Maulana""""]"",,""[""""Glossary""""]"""
"definition-of-ambulatory-self-report-in-psychology.md,""""""Definition of Ambulatory Self Report in Psychology"""""",""""""Get to know the definition of ambulatory self report according to psychologists."""""",2023-03-07T06:00:00+00:00,""""""/images/posts/definition-of-ambulatory-self-report-in-psychology.jpg"""""",FALSE,""[""""Robi Maulana""""]"",,""[""""Glossary""""]"""
"definition-of-ames-room-in-psychology.md,""""""Definition of Ames Room in Psychology"""""",""""""Get to know the definition of ames room according to psychologists."""""",2023-03-07T06:00:00+00:00,""""""/images/posts/definition-of-ames-room-in-psychology.jpg"""""",FALSE,""[""""Robi Maulana""""]"",,""[""""Glossary""""]"""
"definition-of-ameslan-in-psychology.md,""""""Definition of Ameslan in Psychology"""""",""""""Get to know the definition of ameslan according to psychologists."""""",2023-03-07T06:00:00+00:00,""""""/images/posts/definition-of-ameslan-in-psychology.jpg"""""",FALSE,""[""""Robi Maulana""""]"",,""[""""Glossary""""]"""
"definition-of-amnesia-in-psychology.md,""""""Definition of Amnesia in Psychology"""""",""""""Get to know the definition of amnesia according to psychologists."""""",2023-03-07T06:00:00+00:00,""""""/images/posts/definition-of-amnesia-in-psychology.jpg"""""",FALSE,""[""""Robi Maulana""""]"",,""[""""Glossary""""]"""
"definition-of-amodal-in-psychology.md,""""""Definition of Amodal in Psychology"""""",""""""Get to know the definition of amodal according to psychologists."""""",2023-03-07T06:00:00+00:00,""""""/images/posts/definition-of-amodal-in-psychology.jpg"""""",FALSE,""[""""Robi Maulana""""]"",,""[""""Glossary""""]"""
"definition-of-amphetamine-in-psychology.md,""""""Definition of Amphetamine in Psychology"""""",""""""Get to know the definition of amphetamine according to psychologists."""""",2023-03-07T06:00:00+00:00,""""""/images/posts/definition-of-amphetamine-in-psychology.jpg"""""",FALSE,""[""""Robi Maulana""""]"",,""[""""Glossary""""]"""
"definition-of-amphetamine-psychosis-in-psychology.md,""""""Definition of Amphetamine Psychosis in Psychology"""""",""""""Get to know the definition of amphetamine psychosis according to psychologists."""""",2023-03-07T06:00:00+00:00,""""""/images/posts/definition-of-amphetamine-psychosis-in-psychology.jpg"""""",FALSE,""[""""Robi Maulana""""]"",,""[""""Glossary""""]"""
"definition-of-amusia-in-psychology.md,""""""Definition of Amusia in Psychology"""""",""""""Get to know the definition of amusia according to psychologists."""""",2023-03-07T06:00:00+00:00,""""""/images/posts/definition-of-amusia-in-psychology.jpg"""""",FALSE,""[""""Robi Maulana""""]"",,""[""""Glossary""""]"""
"definition-of-amygdala-in-psychology.md,""""""Definition of Amygdala in Psychology"""""",""""""Get to know the definition of amygdala according to psychologists."""""",2023-03-07T06:00:00+00:00,""""""/images/posts/definition-of-amygdala-in-psychology.jpg"""""",FALSE,""[""""Robi Maulana""""]"",,""[""""Glossary""""]"""
"definition-of-anaclitic-depression-in-psychology.md,""""""Definition of Anaclitic Depression in Psychology"""""",""""""Get to know the definition of anaclitic depression according to psychologists."""""",2023-03-07T06:00:00+00:00,""""""/images/posts/definition-of-anaclitic-depression-in-psychology.jpg"""""",FALSE,""[""""Robi Maulana""""]"",,""[""""Glossary""""]"""
"definition-of-anagram-in-psychology.md,""""""Definition of Anagram in Psychology"""""",""""""Get to know the definition of anagram according to psychologists."""""",2023-03-07T06:00:00+00:00,""""""/images/posts/definition-of-anagram-in-psychology.jpg"""""",FALSE,""[""""Robi Maulana""""]"",,""[""""Glossary""""]"""
"definition-of-anal-stage-in-psychology.md,""""""Definition of Anal Stage in Psychology"""""",""""""Get to know the definition of anal stage according to psychologists."""""",2023-03-07T06:00:00+00:00,""""""/images/posts/definition-of-anal-stage-in-psychology.jpg"""""",FALSE,""[""""Robi Maulana""""]"",,""[""""Glossary""""]"""
"definition-of-analogue-in-psychology.md,""""""Definition of Analogue in Psychology"""""",""""""Get to know the definition of analogue according to psychologists."""""",2023-03-07T06:00:00+00:00,""""""/images/posts/definition-of-analogue-in-psychology.jpg"""""",FALSE,""[""""Robi Maulana""""]"",,""[""""Glossary""""]"""
"definition-of-analogy-in-psychology.md,""""""Definition of Analogy in Psychology"""""",""""""Get to know the definition of analogy according to psychologists."""""",2023-03-07T06:00:00+00:00,""""""/images/posts/definition-of-analogy-in-psychology.jpg"""""",FALSE,""[""""Robi Maulana""""]"",,""[""""Glossary""""]"""
"definition-of-analysand-in-psychology.md,""""""Definition of Analysand in Psychology"""""",""""""Get to know the definition of analysand according to psychologists."""""",2023-03-07T06:00:00+00:00,""""""/images/posts/definition-of-analysand-in-psychology.jpg"""""",FALSE,""[""""Robi Maulana""""]"",,""[""""Glossary""""]"""
"definition-of-analysis-by-synthesis-in-psychology.md,""""""Definition of Analysis By Synthesis in Psychology"""""",""""""Get to know the definition of analysis by synthesis according to psychologists."""""",2023-03-07T06:00:00+00:00,""""""/images/posts/definition-of-analysis-by-synthesis-in-psychology.jpg"""""",FALSE,""[""""Robi Maulana""""]"",,""[""""Glossary""""]"""
"definition-of-analysis-of-variance-anova-in-psychology.md,""""""Definition of Analysis of Variance Anova in Psychology"""""",""""""Get to know the definition of analysis of variance anova according to psychologists."""""",2023-03-07T06:00:00+00:00,""""""/images/posts/definition-of-analysis-of-variance-anova-in-psychology.jpg"""""",FALSE,""[""""Robi Maulana""""]"",,""[""""Glossary""""]"""
"definition-of-analytical-frame-in-psychology.md,""""""Definition of Analytical Frame in Psychology"""""",""""""Get to know the definition of analytical frame according to psychologists."""""",2023-03-07T06:00:00+00:00,""""""/images/posts/definition-of-analytical-frame-in-psychology.jpg"""""",FALSE,""[""""Robi Maulana""""]"",,""[""""Glossary""""]"""
"definition-of-analytical-psychology-in-psychology.md,""""""Definition of Analytical Psychology"""" in Psychology"""""",""""""Get to know the definition of analytical psychology according to psychologists."""""",2023-03-07T06:00:00+00:00,""""""/images/posts/definition-of-analytical-psychology-in-psychology.jpg"""""",FALSE,""[""""Robi Maulana""""]"",,""[""""Glossary""""]"""
"definition-of-analytical-style-in-psychology.md,""""""Definition of Analytical Style in Psychology"""""",""""""Get to know the definition of analytical style according to psychologists."""""",2023-03-07T06:00:00+00:00,""""""/images/posts/definition-of-analytical-style-in-psychology.jpg"""""",FALSE,""[""""Robi Maulana""""]"",,""[""""Glossary""""]"""
"definition-of-anaphor-in-psychology.md,""""""Definition of Anaphor in Psychology"""""",""""""Get to know the definition of anaphor according to psychologists."""""",2023-03-07T06:00:00+00:00,""""""/images/posts/definition-of-anaphor-in-psychology.jpg"""""",FALSE,""[""""Robi Maulana""""]"",,""[""""Glossary""""]"""
"definition-of-anarchic-hand-syndrome-in-psychology.md,""""""Definition of Anarchic Hand Syndrome in Psychology"""""",""""""Get to know the definition of anarchic hand syndrome according to psychologists."""""",2023-03-07T06:00:00+00:00,""""""/images/posts/definition-of-anarchic-hand-syndrome-in-psychology.jpg"""""",FALSE,""[""""Robi Maulana""""]"",,""[""""Glossary""""]"""
"definition-of-anchoring-in-psychology.md,""""""Definition of Anchoring in Psychology"""""",""""""Get to know the definition of anchoring according to psychologists."""""",2023-03-07T06:00:00+00:00,""""""/images/posts/definition-of-anchoring-in-psychology.jpg"""""",FALSE,""[""""Robi Maulana""""]"",,""[""""Glossary""""]"""
"definition-of-androcentrism-in-psychology.md,""""""Definition of Androcentrism in Psychology"""""",""""""Get to know the definition of androcentrism according to psychologists."""""",2023-03-07T06:00:00+00:00,""""""/images/posts/definition-of-androcentrism-in-psychology.jpg"""""",FALSE,""[""""Robi Maulana""""]"",,""[""""Glossary""""]"""
"definition-of-androgens-in-psychology.md,""""""Definition of Androgens in Psychology"""""",""""""Get to know the definition of androgens according to psychologists."""""",2023-03-07T06:00:00+00:00,""""""/images/posts/definition-of-androgens-in-psychology.jpg"""""",FALSE,""[""""Robi Maulana""""]"",,""[""""Glossary""""]"""
"definition-of-androgyny-in-psychology.md,""""""Definition of Androgyny in Psychology"""""",""""""Get to know the definition of androgyny according to psychologists."""""",2023-03-07T06:00:00+00:00,""""""/images/posts/definition-of-androgyny-in-psychology.jpg"""""",FALSE,""[""""Robi Maulana""""]"",,""[""""Glossary""""]"""
"definition-of-anecdotal-evidence-in-psychology.md,""""""Definition of Anecdotal Evidence in Psychology"""""",""""""Get to know the definition of anecdotal evidence according to psychologists."""""",2023-03-07T06:00:00+00:00,""""""/images/posts/definition-of-anecdotal-evidence-in-psychology.jpg"""""",FALSE,""[""""Robi Maulana""""]"",,""[""""Glossary""""]"""
"definition-of-anencephalic-in-psychology.md,""""""Definition of Anencephalic in Psychology"""""",""""""Get to know the definition of anencephalic according to psychologists."""""",2023-03-07T06:00:00+00:00,""""""/images/posts/definition-of-anencephalic-in-psychology.jpg"""""",FALSE,""[""""Robi Maulana""""]"",,""[""""Glossary""""]"""
"definition-of-aneurism-in-psychology.md,""""""Definition of Aneurism in Psychology"""""",""""""Get to know the definition of aneurism according to psychologists."""""",2023-03-07T06:00:00+00:00,""""""/images/posts/definition-of-aneurism-in-psychology.jpg"""""",FALSE,""[""""Robi Maulana""""]"",,""[""""Glossary""""]"""
"definition-of-anger-in-psychology.md,""""""Definition of Anger in Psychology"""""",""""""Get to know the definition of anger according to psychologists."""""",2023-03-07T06:00:00+00:00,""""""/images/posts/definition-of-anger-in-psychology.jpg"""""",FALSE,""[""""Robi Maulana""""]"",,""[""""Glossary""""]"""
"definition-of-anger-management-in-psychology.md,""""""Definition of Anger Management in Psychology"""""",""""""Get to know the definition of anger management according to psychologists."""""",2023-03-07T06:00:00+00:00,""""""/images/posts/definition-of-anger-management-in-psychology.jpg"""""",FALSE,""[""""Robi Maulana""""]"",,""[""""Glossary""""]"""
"definition-of-angst-in-psychology.md,""""""Definition of Angst in Psychology"""""",""""""Get to know the definition of angst according to psychologists."""""",2023-03-07T06:00:00+00:00,""""""/images/posts/definition-of-angst-in-psychology.jpg"""""",FALSE,""[""""Robi Maulana""""]"",,""[""""Glossary""""]"""
"definition-of-angular-gyrus-in-psychology.md,""""""Definition of Angular Gyrus in Psychology"""""",""""""Get to know the definition of angular gyrus according to psychologists."""""",2023-03-07T06:00:00+00:00,""""""/images/posts/definition-of-angular-gyrus-in-psychology.jpg"""""",FALSE,""[""""Robi Maulana""""]"",,""[""""Glossary""""]"""
"definition-of-anhedonia-in-psychology.md,""""""Definition of Anhedonia in Psychology"""""",""""""Get to know the definition of anhedonia according to psychologists."""""",2023-03-07T06:00:00+00:00,""""""/images/posts/definition-of-anhedonia-in-psychology.jpg"""""",FALSE,""[""""Robi Maulana""""]"",,""[""""Glossary""""]"""
"definition-of-animism-in-psychology.md,""""""Definition of Animism in Psychology"""""",""""""Get to know the definition of animism according to psychologists."""""",2023-03-07T06:00:00+00:00,""""""/images/posts/definition-of-animism-in-psychology.jpg"""""",FALSE,""[""""Robi Maulana""""]"",,""[""""Glossary""""]"""
"definition-of-ann-in-psychology.md,""""""Definition of Ann in Psychology"""""",""""""Get to know the definition of ann according to psychologists."""""",2023-03-07T06:00:00+00:00,""""""/images/posts/definition-of-ann-in-psychology.jpg"""""",FALSE,""[""""Robi Maulana""""]"",,""[""""Glossary""""]"""
"definition-of-anodal-tdcs-in-psychology.md,""""""Definition of Anodal Tdcs in Psychology"""""",""""""Get to know the definition of anodal tdcs according to psychologists."""""",2023-03-07T06:00:00+00:00,""""""/images/posts/definition-of-anodal-tdcs-in-psychology.jpg"""""",FALSE,""[""""Robi Maulana""""]"",,""[""""Glossary""""]"""
"definition-of-anodyne-in-psychology.md,""""""Definition of Anodyne in Psychology"""""",""""""Get to know the definition of anodyne according to psychologists."""""",2023-03-07T06:00:00+00:00,""""""/images/posts/definition-of-anodyne-in-psychology.jpg"""""",FALSE,""[""""Robi Maulana""""]"",,""[""""Glossary""""]"""
"definition-of-anomaly-in-psychology.md,""""""Definition of Anomaly in Psychology"""""",""""""Get to know the definition of anomaly according to psychologists."""""",2023-03-07T06:00:00+00:00,""""""/images/posts/definition-of-anomaly-in-psychology.jpg"""""",FALSE,""[""""Robi Maulana""""]"",,""[""""Glossary""""]"""
"definition-of-anomia-in-psychology.md,""""""Definition of Anomia in Psychology"""""",""""""Get to know the definition of anomia according to psychologists."""""",2023-03-07T06:00:00+00:00,""""""/images/posts/definition-of-anomia-in-psychology.jpg"""""",FALSE,""[""""Robi Maulana""""]"",,""[""""Glossary""""]"""
"definition-of-anonymity-in-psychology.md,""""""Definition of Anonymity in Psychology"""""",""""""Get to know the definition of anonymity according to psychologists."""""",2023-03-07T06:00:00+00:00,""""""/images/posts/definition-of-anonymity-in-psychology.jpg"""""",FALSE,""[""""Robi Maulana""""]"",,""[""""Glossary""""]"""
"definition-of-anorexia-nervosa-in-psychology.md,""""""Definition of Anorexia Nervosa in Psychology"""""",""""""Get to know the definition of anorexia nervosa according to psychologists."""""",2023-03-07T06:00:00+00:00,""""""/images/posts/definition-of-anorexia-nervosa-in-psychology.jpg"""""",FALSE,""[""""Robi Maulana""""]"",,""[""""Glossary""""]"""
"definition-of-anosmia-in-psychology.md,""""""Definition of Anosmia in Psychology"""""",""""""Get to know the definition of anosmia according to psychologists."""""",2023-03-07T06:00:00+00:00,""""""/images/posts/definition-of-anosmia-in-psychology.jpg"""""",FALSE,""[""""Robi Maulana""""]"",,""[""""Glossary""""]"""
"definition-of-anoxia-in-psychology.md,""""""Definition of Anoxia in Psychology"""""",""""""Get to know the definition of anoxia according to psychologists."""""",2023-03-07T06:00:00+00:00,""""""/images/posts/definition-of-anoxia-in-psychology.jpg"""""",FALSE,""[""""Robi Maulana""""]"",,""[""""Glossary""""]"""
"definition-of-antabuse-in-psychology.md,""""""Definition of Antabuse in Psychology"""""",""""""Get to know the definition of antabuse according to psychologists."""""",2023-03-07T06:00:00+00:00,""""""/images/posts/definition-of-antabuse-in-psychology.jpg"""""",FALSE,""[""""Robi Maulana""""]"",,""[""""Glossary""""]"""
"definition-of-antagonistic-in-psychology.md,""""""Definition of Antagonistic in Psychology"""""",""""""Get to know the definition of antagonistic according to psychologists."""""",2023-03-07T06:00:00+00:00,""""""/images/posts/definition-of-antagonistic-in-psychology.jpg"""""",FALSE,""[""""Robi Maulana""""]"",,""[""""Glossary""""]"""
"definition-of-antecedent-in-psychology.md,""""""Definition of Antecedent in Psychology"""""",""""""Get to know the definition of antecedent according to psychologists."""""",2023-03-07T06:00:00+00:00,""""""/images/posts/definition-of-antecedent-in-psychology.jpg"""""",FALSE,""[""""Robi Maulana""""]"",,""[""""Glossary""""]"""
"definition-of-antecedent-variables-in-psychology.md,""""""Definition of Antecedent Variables in Psychology"""""",""""""Get to know the definition of antecedent variables according to psychologists."""""",2023-03-07T06:00:00+00:00,""""""/images/posts/definition-of-antecedent-variables-in-psychology.jpg"""""",FALSE,""[""""Robi Maulana""""]"",,""[""""Glossary""""]"""
"definition-of-antenatal-in-psychology.md,""""""Definition of Antenatal in Psychology"""""",""""""Get to know the definition of antenatal according to psychologists."""""",2023-03-07T06:00:00+00:00,""""""/images/posts/definition-of-antenatal-in-psychology.jpg"""""",FALSE,""[""""Robi Maulana""""]"",,""[""""Glossary""""]"""
"definition-of-anterior-cingulate-gyrus-in-psychology.md,""""""Definition of Anterior Cingulate Gyrus in Psychology"""""",""""""Get to know the definition of anterior cingulate gyrus according to psychologists."""""",2023-03-07T06:00:00+00:00,""""""/images/posts/definition-of-anterior-cingulate-gyrus-in-psychology.jpg"""""",FALSE,""[""""Robi Maulana""""]"",,""[""""Glossary""""]"""
"definition-of-anterior-in-psychology.md,""""""Definition of Anterior in Psychology"""""",""""""Get to know the definition of anterior according to psychologists."""""",2023-03-07T06:00:00+00:00,""""""/images/posts/definition-of-anterior-in-psychology.jpg"""""",FALSE,""[""""Robi Maulana""""]"",,""[""""Glossary""""]"""
"definition-of-anterior-intraparietal-area-aip-in-psychology.md,""""""Definition of Anterior intraparietal Area Aip in Psychology"""""",""""""Get to know the definition of anterior intraparietal area aip according to psychologists."""""",2023-03-07T06:00:00+00:00,""""""/images/posts/definition-of-anterior-intraparietal-area-aip-in-psychology.jpg"""""",FALSE,""[""""Robi Maulana""""]"",,""[""""Glossary""""]"""
"definition-of-anterior-paracingulate-cortex-in-psychology.md,""""""Definition of Anterior Paracingulate Cortex in Psychology"""""",""""""Get to know the definition of anterior paracingulate cortex according to psychologists."""""",2023-03-07T06:00:00+00:00,""""""/images/posts/definition-of-anterior-paracingulate-cortex-in-psychology.jpg"""""",FALSE,""[""""Robi Maulana""""]"",,""[""""Glossary""""]"""
"definition-of-anterograde-amnesia-in-psychology.md,""""""Definition of Anterograde Amnesia in Psychology"""""",""""""Get to know the definition of anterograde amnesia according to psychologists."""""",2023-03-07T06:00:00+00:00,""""""/images/posts/definition-of-anterograde-amnesia-in-psychology.jpg"""""",FALSE,""[""""Robi Maulana""""]"",,""[""""Glossary""""]"""
"definition-of-anthropology-in-psychology.md,""""""Definition of Anthropology in Psychology"""""",""""""Get to know the definition of anthropology according to psychologists."""""",2023-03-07T06:00:00+00:00,""""""/images/posts/definition-of-anthropology-in-psychology.jpg"""""",FALSE,""[""""Robi Maulana""""]"",,""[""""Glossary""""]"""
"definition-of-anthropometric-in-psychology.md,""""""Definition of Anthropometric in Psychology"""""",""""""Get to know the definition of anthropometric according to psychologists."""""",2023-03-07T06:00:00+00:00,""""""/images/posts/definition-of-anthropometric-in-psychology.jpg"""""",FALSE,""[""""Robi Maulana""""]"",,""[""""Glossary""""]"""
"definition-of-anthropomorphism-in-psychology.md,""""""Definition of Anthropomorphism in Psychology"""""",""""""Get to know the definition of anthropomorphism according to psychologists."""""",2023-03-07T06:00:00+00:00,""""""/images/posts/definition-of-anthropomorphism-in-psychology.jpg"""""",FALSE,""[""""Robi Maulana""""]"",,""[""""Glossary""""]"""
"definition-of-anti-positivism-in-psychology.md,""""""Definition of Anti Positivism in Psychology"""""",""""""Get to know the definition of anti positivism according to psychologists."""""",2023-03-07T06:00:00+00:00,""""""/images/posts/definition-of-anti-positivism-in-psychology.jpg"""""",FALSE,""[""""Robi Maulana""""]"",,""[""""Glossary""""]"""
"definition-of-anticipation-in-psychology.md,""""""Definition of Anticipation in Psychology"""""",""""""Get to know the definition of anticipation according to psychologists."""""",2023-03-07T06:00:00+00:00,""""""/images/posts/definition-of-anticipation-in-psychology.jpg"""""",FALSE,""[""""Robi Maulana""""]"",,""[""""Glossary""""]"""
"definition-of-anticipatory-schema-in-psychology.md,""""""Definition of Anticipatory Schema in Psychology"""""",""""""Get to know the definition of anticipatory schema according to psychologists."""""",2023-03-07T06:00:00+00:00,""""""/images/posts/definition-of-anticipatory-schema-in-psychology.jpg"""""",FALSE,""[""""Robi Maulana""""]"",,""[""""Glossary""""]"""
"definition-of-anticipatory-systems-theory-in-psychology.md,""""""Definition of Anticipatory Systems Theory in Psychology"""""",""""""Get to know the definition of anticipatory systems theory according to psychologists."""""",2023-03-07T06:00:00+00:00,""""""/images/posts/definition-of-anticipatory-systems-theory-in-psychology.jpg"""""",FALSE,""[""""Robi Maulana""""]"",,""[""""Glossary""""]"""
"definition-of-antidepressants-in-psychology.md,""""""Definition of Antidepressants in Psychology"""""",""""""Get to know the definition of antidepressants according to psychologists."""""",2023-03-07T06:00:00+00:00,""""""/images/posts/definition-of-antidepressants-in-psychology.jpg"""""",FALSE,""[""""Robi Maulana""""]"",,""[""""Glossary""""]"""
"definition-of-antilocution-in-psychology.md,""""""Definition of Antilocution in Psychology"""""",""""""Get to know the definition of antilocution according to psychologists."""""",2023-03-07T06:00:00+00:00,""""""/images/posts/definition-of-antilocution-in-psychology.jpg"""""",FALSE,""[""""Robi Maulana""""]"",,""[""""Glossary""""]"""
"definition-of-antisocial-personality-disorder-in-psychology.md,""""""Definition of Antisocial Personality Disorder in Psychology"""""",""""""Get to know the definition of antisocial personality disorder according to psychologists."""""",2023-03-07T06:00:00+00:00,""""""/images/posts/definition-of-antisocial-personality-disorder-in-psychology.jpg"""""",FALSE,""[""""Robi Maulana""""]"",,""[""""Glossary""""]"""
"definition-of-anton's-syndrome-in-psychology.md,""""""Definition of Anton'S Syndrome in Psychology"""""",""""""Get to know the definition of anton's syndrome according to psychologists."""""",2023-03-07T06:00:00+00:00,""""""/images/posts/definition-of-anton's-syndrome-in-psychology.jpg"""""",FALSE,""[""""Robi Maulana""""]"",,""[""""Glossary""""]"""
"definition-of-anxiety-disorder-in-psychology.md,""""""Definition of Anxiety Disorder in Psychology"""""",""""""Get to know the definition of anxiety disorder according to psychologists."""""",2023-03-07T06:00:00+00:00,""""""/images/posts/definition-of-anxiety-disorder-in-psychology.jpg"""""",FALSE,""[""""Robi Maulana""""]"",,""[""""Glossary""""]"""
"definition-of-anxiety-in-psychology.md,""""""Definition of Anxiety in Psychology"""""",""""""Get to know the definition of anxiety according to psychologists."""""",2023-03-07T06:00:00+00:00,""""""/images/posts/definition-of-anxiety-in-psychology.jpg"""""",FALSE,""[""""Robi Maulana""""]"",,""[""""Glossary""""]"""
"definition-of-anxiolytic-drugs-in-psychology.md,""""""Definition of Anxiolytic Drugs in Psychology"""""",""""""Get to know the definition of anxiolytic drugs according to psychologists."""""",2023-03-07T06:00:00+00:00,""""""/images/posts/definition-of-anxiolytic-drugs-in-psychology.jpg"""""",FALSE,""[""""Robi Maulana""""]"",,""[""""Glossary""""]"""
"definition-of-anxious-attachment-in-psychology.md,""""""Definition of Anxious Attachment in Psychology"""""",""""""Get to know the definition of anxious attachment according to psychologists."""""",2023-03-07T06:00:00+00:00,""""""/images/posts/definition-of-anxious-attachment-in-psychology.jpg"""""",FALSE,""[""""Robi Maulana""""]"",,""[""""Glossary""""]"""
"definition-of-apathy-in-psychology.md,""""""Definition of Apathy in Psychology"""""",""""""Get to know the definition of apathy according to psychologists."""""",2023-03-07T06:00:00+00:00,""""""/images/posts/definition-of-apathy-in-psychology.jpg"""""",FALSE,""[""""Robi Maulana""""]"",,""[""""Glossary""""]"""
"definition-of-aphagia-in-psychology.md,""""""Definition of Aphagia in Psychology"""""",""""""Get to know the definition of aphagia according to psychologists."""""",2023-03-07T06:00:00+00:00,""""""/images/posts/definition-of-aphagia-in-psychology.jpg"""""",FALSE,""[""""Robi Maulana""""]"",,""[""""Glossary""""]"""
"definition-of-aphasia-in-psychology.md,""""""Definition of Aphasia in Psychology"""""",""""""Get to know the definition of aphasia according to psychologists."""""",2023-03-07T06:00:00+00:00,""""""/images/posts/definition-of-aphasia-in-psychology.jpg"""""",FALSE,""[""""Robi Maulana""""]"",,""[""""Glossary""""]"""
"definition-of-apnoea-apnea-in-psychology.md,""""""Definition of Apnoea Apnea in Psychology"""""",""""""Get to know the definition of apnoea apnea according to psychologists."""""",2023-03-07T06:00:00+00:00,""""""/images/posts/definition-of-apnoea-apnea-in-psychology.jpg"""""",FALSE,""[""""Robi Maulana""""]"",,""[""""Glossary""""]"""
"definition-of-apparent-motion-in-psychology.md,""""""Definition of Apparent Motion in Psychology"""""",""""""Get to know the definition of apparent motion according to psychologists."""""",2023-03-07T06:00:00+00:00,""""""/images/posts/definition-of-apparent-motion-in-psychology.jpg"""""",FALSE,""[""""Robi Maulana""""]"",,""[""""Glossary""""]"""
"definition-of-appeasement-behaviour-in-psychology.md,""""""Definition of Appeasement Behaviour in Psychology"""""",""""""Get to know the definition of appeasement behaviour according to psychologists."""""",2023-03-07T06:00:00+00:00,""""""/images/posts/definition-of-appeasement-behaviour-in-psychology.jpg"""""",FALSE,""[""""Robi Maulana""""]"",,""[""""Glossary""""]"""
"definition-of-apperception-in-psychology.md,""""""Definition of Apperception in Psychology"""""",""""""Get to know the definition of apperception according to psychologists."""""",2023-03-07T06:00:00+00:00,""""""/images/posts/definition-of-apperception-in-psychology.jpg"""""",FALSE,""[""""Robi Maulana""""]"",,""[""""Glossary""""]"""
"definition-of-apperceptive-agnosia-in-psychology.md,""""""Definition of Apperceptive Agnosia in Psychology"""""",""""""Get to know the definition of apperceptive agnosia according to psychologists."""""",2023-03-07T06:00:00+00:00,""""""/images/posts/definition-of-apperceptive-agnosia-in-psychology.jpg"""""",FALSE,""[""""Robi Maulana""""]"",,""[""""Glossary""""]"""
"definition-of-appetitive-behaviour-in-psychology.md,""""""Definition of Appetitive Behaviour in Psychology"""""",""""""Get to know the definition of appetitive behaviour according to psychologists."""""",2023-03-07T06:00:00+00:00,""""""/images/posts/definition-of-appetitive-behaviour-in-psychology.jpg"""""",FALSE,""[""""Robi Maulana""""]"",,""[""""Glossary""""]"""
"definition-of-applied-psychology-in-psychology.md,""""""Definition of Applied Psychology"""" in Psychology"""""",""""""Get to know the definition of applied psychology according to psychologists."""""",2023-03-07T06:00:00+00:00,""""""/images/posts/definition-of-applied-psychology-in-psychology.jpg"""""",FALSE,""[""""Robi Maulana""""]"",,""[""""Glossary""""]"""
"definition-of-appreciative-inquiry-in-psychology.md,""""""Definition of Appreciative inquiry in Psychology"""""",""""""Get to know the definition of appreciative inquiry according to psychologists."""""",2023-03-07T06:00:00+00:00,""""""/images/posts/definition-of-appreciative-inquiry-in-psychology.jpg"""""",FALSE,""[""""Robi Maulana""""]"",,""[""""Glossary""""]"""
"definition-of-apprehension-in-psychology.md,""""""Definition of Apprehension in Psychology"""""",""""""Get to know the definition of apprehension according to psychologists."""""",2023-03-07T06:00:00+00:00,""""""/images/posts/definition-of-apprehension-in-psychology.jpg"""""",FALSE,""[""""Robi Maulana""""]"",,""[""""Glossary""""]"""
"definition-of-approachavoidance-conflict-in-psychology.md,""""""Definition of ApproachAvoidance Conflict in Psychology"""""",""""""Get to know the definition of approachavoidance conflict according to psychologists."""""",2023-03-07T06:00:00+00:00,""""""/images/posts/definition-of-approachavoidance-conflict-in-psychology.jpg"""""",FALSE,""[""""Robi Maulana""""]"",,""[""""Glossary""""]"""
"definition-of-apraxia-in-psychology.md,""""""Definition of Apraxia in Psychology"""""",""""""Get to know the definition of apraxia according to psychologists."""""",2023-03-07T06:00:00+00:00,""""""/images/posts/definition-of-apraxia-in-psychology.jpg"""""",FALSE,""[""""Robi Maulana""""]"",,""[""""Glossary""""]"""
"definition-of-aptitude-in-psychology.md,""""""Definition of Aptitude in Psychology"""""",""""""Get to know the definition of aptitude according to psychologists."""""",2023-03-07T06:00:00+00:00,""""""/images/posts/definition-of-aptitude-in-psychology.jpg"""""",FALSE,""[""""Robi Maulana""""]"",,""[""""Glossary""""]"""
"definition-of-aptitude-test-in-psychology.md,""""""Definition of Aptitude Test in Psychology"""""",""""""Get to know the definition of aptitude test according to psychologists."""""",2023-03-07T06:00:00+00:00,""""""/images/posts/definition-of-aptitude-test-in-psychology.jpg"""""",FALSE,""[""""Robi Maulana""""]"",,""[""""Glossary""""]"""
"definition-of-archetypes-in-psychology.md,""""""Definition of Archetypes in Psychology"""""",""""""Get to know the definition of archetypes according to psychologists."""""",2023-03-07T06:00:00+00:00,""""""/images/posts/definition-of-archetypes-in-psychology.jpg"""""",FALSE,""[""""Robi Maulana""""]"",,""[""""Glossary""""]"""
"definition-of-arcuate-fasciculus-in-psychology.md,""""""Definition of Arcuate Fasciculus in Psychology"""""",""""""Get to know the definition of arcuate fasciculus according to psychologists."""""",2023-03-07T06:00:00+00:00,""""""/images/posts/definition-of-arcuate-fasciculus-in-psychology.jpg"""""",FALSE,""[""""Robi Maulana""""]"",,""[""""Glossary""""]"""
"definition-of-arousal-arrhythmic-in-psychology.md,""""""Definition of Arousal Arrhythmic in Psychology"""""",""""""Get to know the definition of arousal arrhythmic according to psychologists."""""",2023-03-07T06:00:00+00:00,""""""/images/posts/definition-of-arousal-arrhythmic-in-psychology.jpg"""""",FALSE,""[""""Robi Maulana""""]"",,""[""""Glossary""""]"""
"definition-of-artefact-artifact-in-psychology.md,""""""Definition of Artefact Artifact in Psychology"""""",""""""Get to know the definition of artefact artifact according to psychologists."""""",2023-03-07T06:00:00+00:00,""""""/images/posts/definition-of-artefact-artifact-in-psychology.jpg"""""",FALSE,""[""""Robi Maulana""""]"",,""[""""Glossary""""]"""
"definition-of-articulation-in-psychology.md,""""""Definition of Articulation in Psychology"""""",""""""Get to know the definition of articulation according to psychologists."""""",2023-03-07T06:00:00+00:00,""""""/images/posts/definition-of-articulation-in-psychology.jpg"""""",FALSE,""[""""Robi Maulana""""]"",,""[""""Glossary""""]"""
"definition-of-articulatory-loop-in-psychology.md,""""""Definition of Articulatory Loop in Psychology"""""",""""""Get to know the definition of articulatory loop according to psychologists."""""",2023-03-07T06:00:00+00:00,""""""/images/posts/definition-of-articulatory-loop-in-psychology.jpg"""""",FALSE,""[""""Robi Maulana""""]"",,""[""""Glossary""""]"""
"definition-of-articulatory-suppression-in-psychology.md,""""""Definition of Articulatory Suppression in Psychology"""""",""""""Get to know the definition of articulatory suppression according to psychologists."""""",2023-03-07T06:00:00+00:00,""""""/images/posts/definition-of-articulatory-suppression-in-psychology.jpg"""""",FALSE,""[""""Robi Maulana""""]"",,""[""""Glossary""""]"""
"definition-of-artificial-insemination-in-psychology.md,""""""Definition of Artificial insemination in Psychology"""""",""""""Get to know the definition of artificial insemination according to psychologists."""""",2023-03-07T06:00:00+00:00,""""""/images/posts/definition-of-artificial-insemination-in-psychology.jpg"""""",FALSE,""[""""Robi Maulana""""]"",,""[""""Glossary""""]"""
"definition-of-artificial-intelligence-ai-in-psychology.md,""""""Definition of Artificial intelligence Ai in Psychology"""""",""""""Get to know the definition of artificial intelligence ai according to psychologists."""""",2023-03-07T06:00:00+00:00,""""""/images/posts/definition-of-artificial-intelligence-ai-in-psychology.jpg"""""",FALSE,""[""""Robi Maulana""""]"",,""[""""Glossary""""]"""
"definition-of-artificial-neural-network-ann-in-psychology.md,""""""Definition of Artificial Neural Network Ann in Psychology"""""",""""""Get to know the definition of artificial neural network ann according to psychologists."""""",2023-03-07T06:00:00+00:00,""""""/images/posts/definition-of-artificial-neural-network-ann-in-psychology.jpg"""""",FALSE,""[""""Robi Maulana""""]"",,""[""""Glossary""""]"""
"definition-of-asch-effect-in-psychology.md,""""""Definition of Asch Effect in Psychology"""""",""""""Get to know the definition of asch effect according to psychologists."""""",2023-03-07T06:00:00+00:00,""""""/images/posts/definition-of-asch-effect-in-psychology.jpg"""""",FALSE,""[""""Robi Maulana""""]"",,""[""""Glossary""""]"""
"definition-of-asperger's-syndrome-in-psychology.md,""""""Definition of Asperger'S Syndrome in Psychology"""""",""""""Get to know the definition of asperger's syndrome according to psychologists."""""",2023-03-07T06:00:00+00:00,""""""/images/posts/definition-of-asperger's-syndrome-in-psychology.jpg"""""",FALSE,""[""""Robi Maulana""""]"",,""[""""Glossary""""]"""
"definition-of-assertion-training-in-psychology.md,""""""Definition of Assertion Training in Psychology"""""",""""""Get to know the definition of assertion training according to psychologists."""""",2023-03-07T06:00:00+00:00,""""""/images/posts/definition-of-assertion-training-in-psychology.jpg"""""",FALSE,""[""""Robi Maulana""""]"",,""[""""Glossary""""]"""
"definition-of-assimilation-in-psychology.md,""""""Definition of Assimilation in Psychology"""""",""""""Get to know the definition of assimilation according to psychologists."""""",2023-03-07T06:00:00+00:00,""""""/images/posts/definition-of-assimilation-in-psychology.jpg"""""",FALSE,""[""""Robi Maulana""""]"",,""[""""Glossary""""]"""
"definition-of-association-cortex-in-psychology.md,""""""Definition of Association Cortex in Psychology"""""",""""""Get to know the definition of association cortex according to psychologists."""""",2023-03-07T06:00:00+00:00,""""""/images/posts/definition-of-association-cortex-in-psychology.jpg"""""",FALSE,""[""""Robi Maulana""""]"",,""[""""Glossary""""]"""
"definition-of-association-in-psychology.md,""""""Definition of Association in Psychology"""""",""""""Get to know the definition of association according to psychologists."""""",2023-03-07T06:00:00+00:00,""""""/images/posts/definition-of-association-in-psychology.jpg"""""",FALSE,""[""""Robi Maulana""""]"",,""[""""Glossary""""]"""
"definition-of-associative-agnosia-in-psychology.md,""""""Definition of Associative Agnosia in Psychology"""""",""""""Get to know the definition of associative agnosia according to psychologists."""""",2023-03-07T06:00:00+00:00,""""""/images/posts/definition-of-associative-agnosia-in-psychology.jpg"""""",FALSE,""[""""Robi Maulana""""]"",,""[""""Glossary""""]"""
"definition-of-associative-learning-in-psychology.md,""""""Definition of Associative Learning in Psychology"""""",""""""Get to know the definition of associative learning according to psychologists."""""",2023-03-07T06:00:00+00:00,""""""/images/posts/definition-of-associative-learning-in-psychology.jpg"""""",FALSE,""[""""Robi Maulana""""]"",,""[""""Glossary""""]"""
"definition-of-associative-priming-in-psychology.md,""""""Definition of Associative Priming in Psychology"""""",""""""Get to know the definition of associative priming according to psychologists."""""",2023-03-07T06:00:00+00:00,""""""/images/posts/definition-of-associative-priming-in-psychology.jpg"""""",FALSE,""[""""Robi Maulana""""]"",,""[""""Glossary""""]"""
"definition-of-assortative-mating-in-psychology.md,""""""Definition of Assortative Mating in Psychology"""""",""""""Get to know the definition of assortative mating according to psychologists."""""",2023-03-07T06:00:00+00:00,""""""/images/posts/definition-of-assortative-mating-in-psychology.jpg"""""",FALSE,""[""""Robi Maulana""""]"",,""[""""Glossary""""]"""
"definition-of-assumption-in-psychology.md,""""""Definition of Assumption in Psychology"""""",""""""Get to know the definition of assumption according to psychologists."""""",2023-03-07T06:00:00+00:00,""""""/images/posts/definition-of-assumption-in-psychology.jpg"""""",FALSE,""[""""Robi Maulana""""]"",,""[""""Glossary""""]"""
"definition-of-astigmatism-in-psychology.md,""""""Definition of Astigmatism in Psychology"""""",""""""Get to know the definition of astigmatism according to psychologists."""""",2023-03-07T06:00:00+00:00,""""""/images/posts/definition-of-astigmatism-in-psychology.jpg"""""",FALSE,""[""""Robi Maulana""""]"",,""[""""Glossary""""]"""
"definition-of-asymmetrical-in-psychology.md,""""""Definition of Asymmetrical in Psychology"""""",""""""Get to know the definition of asymmetrical according to psychologists."""""",2023-03-07T06:00:00+00:00,""""""/images/posts/definition-of-asymmetrical-in-psychology.jpg"""""",FALSE,""[""""Robi Maulana""""]"",,""[""""Glossary""""]"""
"definition-of-ataxia-in-psychology.md,""""""Definition of Ataxia in Psychology"""""",""""""Get to know the definition of ataxia according to psychologists."""""",2023-03-07T06:00:00+00:00,""""""/images/posts/definition-of-ataxia-in-psychology.jpg"""""",FALSE,""[""""Robi Maulana""""]"",,""[""""Glossary""""]"""
"definition-of-attachment-in-psychology.md,""""""Definition of Attachment in Psychology"""""",""""""Get to know the definition of attachment according to psychologists."""""",2023-03-07T06:00:00+00:00,""""""/images/posts/definition-of-attachment-in-psychology.jpg"""""",FALSE,""[""""Robi Maulana""""]"",,""[""""Glossary""""]"""
"definition-of-attainment-test-in-psychology.md,""""""Definition of Attainment Test in Psychology"""""",""""""Get to know the definition of attainment test according to psychologists."""""",2023-03-07T06:00:00+00:00,""""""/images/posts/definition-of-attainment-test-in-psychology.jpg"""""",FALSE,""[""""Robi Maulana""""]"",,""[""""Glossary""""]"""
"definition-of-attention-deficit-disorder-add-in-psychology.md,""""""Definition of Attention Deficit Disorder Add in Psychology"""""",""""""Get to know the definition of attention deficit disorder add according to psychologists."""""",2023-03-07T06:00:00+00:00,""""""/images/posts/definition-of-attention-deficit-disorder-add-in-psychology.jpg"""""",FALSE,""[""""Robi Maulana""""]"",,""[""""Glossary""""]"""
"definition-of-attention-deficit-hyperactivity-disorder-adhd-in-psychology.md,""""""Definition of Attention Deficit Hyperactivity Disorder Adhd in Psychology"""""",""""""Get to know the definition of attention deficit hyperactivity disorder adhd according to psychologists."""""",2023-03-07T06:00:00+00:00,""""""/images/posts/definition-of-attention-deficit-hyperactivity-disorder-adhd-in-psychology.jpg"""""",FALSE,""[""""Robi Maulana""""]"",,""[""""Glossary""""]"""
"definition-of-attention-in-psychology.md,""""""Definition of Attention in Psychology"""""",""""""Get to know the definition of attention according to psychologists."""""",2023-03-07T06:00:00+00:00,""""""/images/posts/definition-of-attention-in-psychology.jpg"""""",FALSE,""[""""Robi Maulana""""]"",,""[""""Glossary""""]"""
"definition-of-attentional-bias-in-psychology.md,""""""Definition of Attentional Bias in Psychology"""""",""""""Get to know the definition of attentional bias according to psychologists."""""",2023-03-07T06:00:00+00:00,""""""/images/posts/definition-of-attentional-bias-in-psychology.jpg"""""",FALSE,""[""""Robi Maulana""""]"",,""[""""Glossary""""]"""
"definition-of-attentional-blink-in-psychology.md,""""""Definition of Attentional Blink in Psychology"""""",""""""Get to know the definition of attentional blink according to psychologists."""""",2023-03-07T06:00:00+00:00,""""""/images/posts/definition-of-attentional-blink-in-psychology.jpg"""""",FALSE,""[""""Robi Maulana""""]"",,""[""""Glossary""""]"""
"definition-of-attenuation-in-psychology.md,""""""Definition of Attenuation in Psychology"""""",""""""Get to know the definition of attenuation according to psychologists."""""",2023-03-07T06:00:00+00:00,""""""/images/posts/definition-of-attenuation-in-psychology.jpg"""""",FALSE,""[""""Robi Maulana""""]"",,""[""""Glossary""""]"""
"definition-of-attitude-in-psychology.md,""""""Definition of Attitude in Psychology"""""",""""""Get to know the definition of attitude according to psychologists."""""",2023-03-07T06:00:00+00:00,""""""/images/posts/definition-of-attitude-in-psychology.jpg"""""",FALSE,""[""""Robi Maulana""""]"",,""[""""Glossary""""]"""
"definition-of-attitude-scale-in-psychology.md,""""""Definition of Attitude Scale in Psychology"""""",""""""Get to know the definition of attitude scale according to psychologists."""""",2023-03-07T06:00:00+00:00,""""""/images/posts/definition-of-attitude-scale-in-psychology.jpg"""""",FALSE,""[""""Robi Maulana""""]"",,""[""""Glossary""""]"""
"definition-of-attribution-in-psychology.md,""""""Definition of Attribution in Psychology"""""",""""""Get to know the definition of attribution according to psychologists."""""",2023-03-07T06:00:00+00:00,""""""/images/posts/definition-of-attribution-in-psychology.jpg"""""",FALSE,""[""""Robi Maulana""""]"",,""[""""Glossary""""]"""
"definition-of-attribution-theory-in-psychology.md,""""""Definition of Attribution Theory in Psychology"""""",""""""Get to know the definition of attribution theory according to psychologists."""""",2023-03-07T06:00:00+00:00,""""""/images/posts/definition-of-attribution-theory-in-psychology.jpg"""""",FALSE,""[""""Robi Maulana""""]"",,""[""""Glossary""""]"""
"definition-of-attributional-analysis-in-psychology.md,""""""Definition of Attributional Analysis in Psychology"""""",""""""Get to know the definition of attributional analysis according to psychologists."""""",2023-03-07T06:00:00+00:00,""""""/images/posts/definition-of-attributional-analysis-in-psychology.jpg"""""",FALSE,""[""""Robi Maulana""""]"",,""[""""Glossary""""]"""
"definition-of-attributional-error-in-psychology.md,""""""Definition of Attributional Error in Psychology"""""",""""""Get to know the definition of attributional error according to psychologists."""""",2023-03-07T06:00:00+00:00,""""""/images/posts/definition-of-attributional-error-in-psychology.jpg"""""",FALSE,""[""""Robi Maulana""""]"",,""[""""Glossary""""]"""
"definition-of-attributional-style-in-psychology.md,""""""Definition of Attributional Style in Psychology"""""",""""""Get to know the definition of attributional style according to psychologists."""""",2023-03-07T06:00:00+00:00,""""""/images/posts/definition-of-attributional-style-in-psychology.jpg"""""",FALSE,""[""""Robi Maulana""""]"",,""[""""Glossary""""]"""
"definition-of-audience-effects-in-psychology.md,""""""Definition of Audience Effects in Psychology"""""",""""""Get to know the definition of audience effects according to psychologists."""""",2023-03-07T06:00:00+00:00,""""""/images/posts/definition-of-audience-effects-in-psychology.jpg"""""",FALSE,""[""""Robi Maulana""""]"",,""[""""Glossary""""]"""
"definition-of-audition-in-psychology.md,""""""Definition of Audition in Psychology"""""",""""""Get to know the definition of audition according to psychologists."""""",2023-03-07T06:00:00+00:00,""""""/images/posts/definition-of-audition-in-psychology.jpg"""""",FALSE,""[""""Robi Maulana""""]"",,""[""""Glossary""""]"""
"definition-of-auditory-agnosia-in-psychology.md,""""""Definition of Auditory Agnosia in Psychology"""""",""""""Get to know the definition of auditory agnosia according to psychologists."""""",2023-03-07T06:00:00+00:00,""""""/images/posts/definition-of-auditory-agnosia-in-psychology.jpg"""""",FALSE,""[""""Robi Maulana""""]"",,""[""""Glossary""""]"""
"definition-of-auditory-cortex-in-psychology.md,""""""Definition of Auditory Cortex in Psychology"""""",""""""Get to know the definition of auditory cortex according to psychologists."""""",2023-03-07T06:00:00+00:00,""""""/images/posts/definition-of-auditory-cortex-in-psychology.jpg"""""",FALSE,""[""""Robi Maulana""""]"",,""[""""Glossary""""]"""
"definition-of-authoritarian-leadership-style-in-psychology.md,""""""Definition of Authoritarian Leadership Style in Psychology"""""",""""""Get to know the definition of authoritarian leadership style according to psychologists."""""",2023-03-07T06:00:00+00:00,""""""/images/posts/definition-of-authoritarian-leadership-style-in-psychology.jpg"""""",FALSE,""[""""Robi Maulana""""]"",,""[""""Glossary""""]"""
"definition-of-authoritarian-personality-in-psychology.md,""""""Definition of Authoritarian Personality in Psychology"""""",""""""Get to know the definition of authoritarian personality according to psychologists."""""",2023-03-07T06:00:00+00:00,""""""/images/posts/definition-of-authoritarian-personality-in-psychology.jpg"""""",FALSE,""[""""Robi Maulana""""]"",,""[""""Glossary""""]"""
"definition-of-authoritative-in-psychology.md,""""""Definition of Authoritative in Psychology"""""",""""""Get to know the definition of authoritative according to psychologists."""""",2023-03-07T06:00:00+00:00,""""""/images/posts/definition-of-authoritative-in-psychology.jpg"""""",FALSE,""[""""Robi Maulana""""]"",,""[""""Glossary""""]"""
"definition-of-authority-figure-in-psychology.md,""""""Definition of Authority Figure in Psychology"""""",""""""Get to know the definition of authority figure according to psychologists."""""",2023-03-07T06:00:00+00:00,""""""/images/posts/definition-of-authority-figure-in-psychology.jpg"""""",FALSE,""[""""Robi Maulana""""]"",,""[""""Glossary""""]"""
"definition-of-autism-in-psychology.md,""""""Definition of Autism in Psychology"""""",""""""Get to know the definition of autism according to psychologists."""""",2023-03-07T06:00:00+00:00,""""""/images/posts/definition-of-autism-in-psychology.jpg"""""",FALSE,""[""""Robi Maulana""""]"",,""[""""Glossary""""]"""
"definition-of-autistic-in-psychology.md,""""""Definition of Autistic in Psychology"""""",""""""Get to know the definition of autistic according to psychologists."""""",2023-03-07T06:00:00+00:00,""""""/images/posts/definition-of-autistic-in-psychology.jpg"""""",FALSE,""[""""Robi Maulana""""]"",,""[""""Glossary""""]"""
"definition-of-autistic-spectrum-disorders-in-psychology.md,""""""Definition of Autistic Spectrum Disorders in Psychology"""""",""""""Get to know the definition of autistic spectrum disorders according to psychologists."""""",2023-03-07T06:00:00+00:00,""""""/images/posts/definition-of-autistic-spectrum-disorders-in-psychology.jpg"""""",FALSE,""[""""Robi Maulana""""]"",,""[""""Glossary""""]"""
"definition-of-autobiographical-memory-in-psychology.md,""""""Definition of Autobiographical Memory in Psychology"""""",""""""Get to know the definition of autobiographical memory according to psychologists."""""",2023-03-07T06:00:00+00:00,""""""/images/posts/definition-of-autobiographical-memory-in-psychology.jpg"""""",FALSE,""[""""Robi Maulana""""]"",,""[""""Glossary""""]"""
"definition-of-autochthonous-in-psychology.md,""""""Definition of Autochthonous in Psychology"""""",""""""Get to know the definition of autochthonous according to psychologists."""""",2023-03-07T06:00:00+00:00,""""""/images/posts/definition-of-autochthonous-in-psychology.jpg"""""",FALSE,""[""""Robi Maulana""""]"",,""[""""Glossary""""]"""
"definition-of-autocratic-leadership-in-psychology.md,""""""Definition of Autocratic Leadership in Psychology"""""",""""""Get to know the definition of autocratic leadership according to psychologists."""""",2023-03-07T06:00:00+00:00,""""""/images/posts/definition-of-autocratic-leadership-in-psychology.jpg"""""",FALSE,""[""""Robi Maulana""""]"",,""[""""Glossary""""]"""
"definition-of-autogenic-in-psychology.md,""""""Definition of Autogenic in Psychology"""""",""""""Get to know the definition of autogenic according to psychologists."""""",2023-03-07T06:00:00+00:00,""""""/images/posts/definition-of-autogenic-in-psychology.jpg"""""",FALSE,""[""""Robi Maulana""""]"",,""[""""Glossary""""]"""
"definition-of-autohypnosis-in-psychology.md,""""""Definition of Autohypnosis in Psychology"""""",""""""Get to know the definition of autohypnosis according to psychologists."""""",2023-03-07T06:00:00+00:00,""""""/images/posts/definition-of-autohypnosis-in-psychology.jpg"""""",FALSE,""[""""Robi Maulana""""]"",,""[""""Glossary""""]"""
"definition-of-autokinetic-effect-in-psychology.md,""""""Definition of Autokinetic Effect in Psychology"""""",""""""Get to know the definition of autokinetic effect according to psychologists."""""",2023-03-07T06:00:00+00:00,""""""/images/posts/definition-of-autokinetic-effect-in-psychology.jpg"""""",FALSE,""[""""Robi Maulana""""]"",,""[""""Glossary""""]"""
"definition-of-automatic-processing-in-psychology.md,""""""Definition of Automatic Processing in Psychology"""""",""""""Get to know the definition of automatic processing according to psychologists."""""",2023-03-07T06:00:00+00:00,""""""/images/posts/definition-of-automatic-processing-in-psychology.jpg"""""",FALSE,""[""""Robi Maulana""""]"",,""[""""Glossary""""]"""
"definition-of-automatic-prompts-in-psychology.md,""""""Definition of Automatic Prompts in Psychology"""""",""""""Get to know the definition of automatic prompts according to psychologists."""""",2023-03-07T06:00:00+00:00,""""""/images/posts/definition-of-automatic-prompts-in-psychology.jpg"""""",FALSE,""[""""Robi Maulana""""]"",,""[""""Glossary""""]"""
"definition-of-automatic-routines-in-psychology.md,""""""Definition of Automatic Routines in Psychology"""""",""""""Get to know the definition of automatic routines according to psychologists."""""",2023-03-07T06:00:00+00:00,""""""/images/posts/definition-of-automatic-routines-in-psychology.jpg"""""",FALSE,""[""""Robi Maulana""""]"",,""[""""Glossary""""]"""
"definition-of-automatic-writing-in-psychology.md,""""""Definition of Automatic Writing in Psychology"""""",""""""Get to know the definition of automatic writing according to psychologists."""""",2023-03-07T06:00:00+00:00,""""""/images/posts/definition-of-automatic-writing-in-psychology.jpg"""""",FALSE,""[""""Robi Maulana""""]"",,""[""""Glossary""""]"""
"definition-of-automatisation-in-psychology.md,""""""Definition of Automatisation in Psychology"""""",""""""Get to know the definition of automatisation according to psychologists."""""",2023-03-07T06:00:00+00:00,""""""/images/posts/definition-of-automatisation-in-psychology.jpg"""""",FALSE,""[""""Robi Maulana""""]"",,""[""""Glossary""""]"""
"definition-of-autonomic-in-psychology.md,""""""Definition of Autonomic in Psychology"""""",""""""Get to know the definition of autonomic according to psychologists."""""",2023-03-07T06:00:00+00:00,""""""/images/posts/definition-of-autonomic-in-psychology.jpg"""""",FALSE,""[""""Robi Maulana""""]"",,""[""""Glossary""""]"""
"definition-of-autonomic-nervous-system-ans-in-psychology.md,""""""Definition of Autonomic Nervous System Ans in Psychology"""""",""""""Get to know the definition of autonomic nervous system ans according to psychologists."""""",2023-03-07T06:00:00+00:00,""""""/images/posts/definition-of-autonomic-nervous-system-ans-in-psychology.jpg"""""",FALSE,""[""""Robi Maulana""""]"",,""[""""Glossary""""]"""
"definition-of-autonomous-morality-in-psychology.md,""""""Definition of Autonomous Morality in Psychology"""""",""""""Get to know the definition of autonomous morality according to psychologists."""""",2023-03-07T06:00:00+00:00,""""""/images/posts/definition-of-autonomous-morality-in-psychology.jpg"""""",FALSE,""[""""Robi Maulana""""]"",,""[""""Glossary""""]"""
"definition-of-autonomous-stage-of-skill-acquisition-in-psychology.md,""""""Definition of Autonomous Stage of Skill Acquisition in Psychology"""""",""""""Get to know the definition of autonomous stage of skill acquisition according to psychologists."""""",2023-03-07T06:00:00+00:00,""""""/images/posts/definition-of-autonomous-stage-of-skill-acquisition-in-psychology.jpg"""""",FALSE,""[""""Robi Maulana""""]"",,""[""""Glossary""""]"""
"definition-of-autonomous-state-in-psychology.md,""""""Definition of Autonomous State in Psychology"""""",""""""Get to know the definition of autonomous state according to psychologists."""""",2023-03-07T06:00:00+00:00,""""""/images/posts/definition-of-autonomous-state-in-psychology.jpg"""""",FALSE,""[""""Robi Maulana""""]"",,""[""""Glossary""""]"""
"definition-of-autonomy-in-psychology.md,""""""Definition of Autonomy in Psychology"""""",""""""Get to know the definition of autonomy according to psychologists."""""",2023-03-07T06:00:00+00:00,""""""/images/posts/definition-of-autonomy-in-psychology.jpg"""""",FALSE,""[""""Robi Maulana""""]"",,""[""""Glossary""""]"""
"definition-of-autopagnosia-in-psychology.md,""""""Definition of Autopagnosia in Psychology"""""",""""""Get to know the definition of autopagnosia according to psychologists."""""",2023-03-07T06:00:00+00:00,""""""/images/posts/definition-of-autopagnosia-in-psychology.jpg"""""",FALSE,""[""""Robi Maulana""""]"",,""[""""Glossary""""]"""
"definition-of-autoshaping-in-psychology.md,""""""Definition of Autoshaping in Psychology"""""",""""""Get to know the definition of autoshaping according to psychologists."""""",2023-03-07T06:00:00+00:00,""""""/images/posts/definition-of-autoshaping-in-psychology.jpg"""""",FALSE,""[""""Robi Maulana""""]"",,""[""""Glossary""""]"""
"definition-of-autostereogram-in-psychology.md,""""""Definition of Autostereogram in Psychology"""""",""""""Get to know the definition of autostereogram according to psychologists."""""",2023-03-07T06:00:00+00:00,""""""/images/posts/definition-of-autostereogram-in-psychology.jpg"""""",FALSE,""[""""Robi Maulana""""]"",,""[""""Glossary""""]"""
"definition-of-availability-heuristic-in-psychology.md,""""""Definition of Availability Heuristic in Psychology"""""",""""""Get to know the definition of availability heuristic according to psychologists."""""",2023-03-07T06:00:00+00:00,""""""/images/posts/definition-of-availability-heuristic-in-psychology.jpg"""""",FALSE,""[""""Robi Maulana""""]"",,""[""""Glossary""""]"""
"definition-of-avatar-in-psychology.md,""""""Definition of Avatar in Psychology"""""",""""""Get to know the definition of avatar according to psychologists."""""",2023-03-07T06:00:00+00:00,""""""/images/posts/definition-of-avatar-in-psychology.jpg"""""",FALSE,""[""""Robi Maulana""""]"",,""[""""Glossary""""]"""
"definition-of-average-in-psychology.md,""""""Definition of Average in Psychology"""""",""""""Get to know the definition of average according to psychologists."""""",2023-03-07T06:00:00+00:00,""""""/images/posts/definition-of-average-in-psychology.jpg"""""",FALSE,""[""""Robi Maulana""""]"",,""[""""Glossary""""]"""
"definition-of-aversion-therapy-in-psychology.md,""""""Definition of Aversion Therapy in Psychology"""""",""""""Get to know the definition of aversion therapy according to psychologists."""""",2023-03-07T06:00:00+00:00,""""""/images/posts/definition-of-aversion-therapy-in-psychology.jpg"""""",FALSE,""[""""Robi Maulana""""]"",,""[""""Glossary""""]"""
"definition-of-aversive-in-psychology.md,""""""Definition of Aversive in Psychology"""""",""""""Get to know the definition of aversive according to psychologists."""""",2023-03-07T06:00:00+00:00,""""""/images/posts/definition-of-aversive-in-psychology.jpg"""""",FALSE,""[""""Robi Maulana""""]"",,""[""""Glossary""""]"""
"definition-of-avoidance-learning-in-psychology.md,""""""Definition of Avoidance Learning in Psychology"""""",""""""Get to know the definition of avoidance learning according to psychologists."""""",2023-03-07T06:00:00+00:00,""""""/images/posts/definition-of-avoidance-learning-in-psychology.jpg"""""",FALSE,""[""""Robi Maulana""""]"",,""[""""Glossary""""]"""
"definition-of-avoidant-attachment-in-psychology.md,""""""Definition of Avoidant Attachment in Psychology"""""",""""""Get to know the definition of avoidant attachment according to psychologists."""""",2023-03-07T06:00:00+00:00,""""""/images/posts/definition-of-avoidant-attachment-in-psychology.jpg"""""",FALSE,""[""""Robi Maulana""""]"",,""[""""Glossary""""]"""
"definition-of-awareness-in-psychology.md,""""""Definition of Awareness in Psychology"""""",""""""Get to know the definition of awareness according to psychologists."""""",2023-03-07T06:00:00+00:00,""""""/images/posts/definition-of-awareness-in-psychology.jpg"""""",FALSE,""[""""Robi Maulana""""]"",,""[""""Glossary""""]"""
"definition-of-axis-in-psychology.md,""""""Definition of Axis in Psychology"""""",""""""Get to know the definition of axis according to psychologists."""""",2023-03-07T06:00:00+00:00,""""""/images/posts/definition-of-axis-in-psychology.jpg"""""",FALSE,""[""""Robi Maulana""""]"",,""[""""Glossary""""]"""
"definition-of-axon-in-psychology.md,""""""Definition of Axon in Psychology"""""",""""""Get to know the definition of axon according to psychologists."""""",2023-03-07T06:00:00+00:00,""""""/images/posts/definition-of-axon-in-psychology.jpg"""""",FALSE,""[""""Robi Maulana""""]"",,""[""""Glossary""""]"""
"definition-of-babbling-in-psychology.md,""""""Definition of Babbling in Psychology"""""",""""""Get to know the definition of babbling according to psychologists."""""",2023-03-07T06:00:00+00:00,""""""/images/posts/definition-of-babbling-in-psychology.jpg"""""",FALSE,""[""""Robi Maulana""""]"",,""[""""Glossary""""]"""
"definition-of-babinski-reflex-in-psychology.md,""""""Definition of Babinski Reflex in Psychology"""""",""""""Get to know the definition of babinski reflex according to psychologists."""""",2023-03-07T06:00:00+00:00,""""""/images/posts/definition-of-babinski-reflex-in-psychology.jpg"""""",FALSE,""[""""Robi Maulana""""]"",,""[""""Glossary""""]"""
"definition-of-baby-talk-in-psychology.md,""""""Definition of Baby Talk in Psychology"""""",""""""Get to know the definition of baby talk according to psychologists."""""",2023-03-07T06:00:00+00:00,""""""/images/posts/definition-of-baby-talk-in-psychology.jpg"""""",FALSE,""[""""Robi Maulana""""]"",,""[""""Glossary""""]"""
"definition-of-back-propagation-in-psychology.md,""""""Definition of Back Propagation in Psychology"""""",""""""Get to know the definition of back propagation according to psychologists."""""",2023-03-07T06:00:00+00:00,""""""/images/posts/definition-of-back-propagation-in-psychology.jpg"""""",FALSE,""[""""Robi Maulana""""]"",,""[""""Glossary""""]"""
"definition-of-backward-conditioning-in-psychology.md,""""""Definition of Backward Conditioning in Psychology"""""",""""""Get to know the definition of backward conditioning according to psychologists."""""",2023-03-07T06:00:00+00:00,""""""/images/posts/definition-of-backward-conditioning-in-psychology.jpg"""""",FALSE,""[""""Robi Maulana""""]"",,""[""""Glossary""""]"""
"definition-of-balance-theory-in-psychology.md,""""""Definition of Balance Theory in Psychology"""""",""""""Get to know the definition of balance theory according to psychologists."""""",2023-03-07T06:00:00+00:00,""""""/images/posts/definition-of-balance-theory-in-psychology.jpg"""""",FALSE,""[""""Robi Maulana""""]"",,""[""""Glossary""""]"""
"definition-of-balanced-design-in-psychology.md,""""""Definition of Balanced Design in Psychology"""""",""""""Get to know the definition of balanced design according to psychologists."""""",2023-03-07T06:00:00+00:00,""""""/images/posts/definition-of-balanced-design-in-psychology.jpg"""""",FALSE,""[""""Robi Maulana""""]"",,""[""""Glossary""""]"""
"definition-of-balanced-scale-in-psychology.md,""""""Definition of Balanced Scale in Psychology"""""",""""""Get to know the definition of balanced scale according to psychologists."""""",2023-03-07T06:00:00+00:00,""""""/images/posts/definition-of-balanced-scale-in-psychology.jpg"""""",FALSE,""[""""Robi Maulana""""]"",,""[""""Glossary""""]"""
"definition-of-bandura-albert-in-psychology.md,""""""Definition of Bandura Albert in Psychology"""""",""""""Get to know the definition of bandura albert according to psychologists."""""",2023-03-07T06:00:00+00:00,""""""/images/posts/definition-of-bandura-albert-in-psychology.jpg"""""",FALSE,""[""""Robi Maulana""""]"",,""[""""Glossary""""]"""
"definition-of-bandwagon-effect-in-psychology.md,""""""Definition of Bandwagon Effect in Psychology"""""",""""""Get to know the definition of bandwagon effect according to psychologists."""""",2023-03-07T06:00:00+00:00,""""""/images/posts/definition-of-bandwagon-effect-in-psychology.jpg"""""",FALSE,""[""""Robi Maulana""""]"",,""[""""Glossary""""]"""
"definition-of-bandwidth-in-psychology.md,""""""Definition of Bandwidth in Psychology"""""",""""""Get to know the definition of bandwidth according to psychologists."""""",2023-03-07T06:00:00+00:00,""""""/images/posts/definition-of-bandwidth-in-psychology.jpg"""""",FALSE,""[""""Robi Maulana""""]"",,""[""""Glossary""""]"""
"definition-of-bar-chart-in-psychology.md,""""""Definition of Bar Chart in Psychology"""""",""""""Get to know the definition of bar chart according to psychologists."""""",2023-03-07T06:00:00+00:00,""""""/images/posts/definition-of-bar-chart-in-psychology.jpg"""""",FALSE,""[""""Robi Maulana""""]"",,""[""""Glossary""""]"""
"definition-of-barbiturate-in-psychology.md,""""""Definition of Barbiturate in Psychology"""""",""""""Get to know the definition of barbiturate according to psychologists."""""",2023-03-07T06:00:00+00:00,""""""/images/posts/definition-of-barbiturate-in-psychology.jpg"""""",FALSE,""[""""Robi Maulana""""]"",,""[""""Glossary""""]"""
"definition-of-barnum-effect-in-psychology.md,""""""Definition of Barnum Effect in Psychology"""""",""""""Get to know the definition of barnum effect according to psychologists."""""",2023-03-07T06:00:00+00:00,""""""/images/posts/definition-of-barnum-effect-in-psychology.jpg"""""",FALSE,""[""""Robi Maulana""""]"",,""[""""Glossary""""]"""
"definition-of-in-psychology.md,""""""Definition of in Psychology"""""",""""""Get to know the definition of according to psychologists."""""",2023-03-07T06:00:00+00:00,""""""/images/posts/definition-of-in-psychology.jpg"""""",FALSE,""[""""Robi Maulana""""]"",,""[""""Glossary""""]"""
